"catModeration","Moderering av innlegg","no","string","Admin"
"catName","Kategori","no","string","Admin"
"catOrder","Rekkefølge","no","string","Admin"
"catStatus","Status","no","string","Admin"
"catSubscription","Høyeste nivå for abonnement","no","string","Admin"
"forumAddAllow","Legg til medlem","no","string","Admin"
"forumAllowed","Tillat medlemmer","no","string","Admin"
"forumAuthType","Tillat tilgang","no","string","Admin"
"forumAvailMods","Tilgjengelige moderatorer","no","string","Admin"
"forumCategory","Kategori","no","string","Admin"
"forumDescription","Beskrivelse","no","string","Admin"
"forumModeration","Moderering","no","string","Admin"
"forumMods","Moderatorer","no","string","Admin"
"forumOrder","Rekkefølge","no","string","Admin"
"forumPollsAuth","Hvem kan lage avstemminger","no","string","Admin"
"forumPostCount","Økning i antall innlegg ","no","string","Admin"
"forumRemAllow","Fjern medlem","no","string","Admin"
"forumType","Type","no","string","Admin"
"forumUnavailMods","Tilordnede moderatorer","no","string","Admin"
"forumUsrLook","Skriv inn brukernavn for å finne medlem","no","string","Admin"
"forumView","Standardvisning","no","string","Admin"
"forumSubject","Emne","no","string","Admin"
"forumSubscription","Abonnement","no","string","Admin"
"lblOnHold","","no","string","Admin"
"lblUnmoderated","","no","string","Admin"
"SmtpDeliveryMethod_Network","Nettverk","no","string","Admin_Email"
"SmtpDeliveryMethod_PickupDirectoryFromIis","Pickup-folder fra IIS","no","string","Admin_Email"
"SmtpDeliveryMethod_SpecifiedPickupDirectory","Spesifisert mappe","no","string","Admin_Email"
"strPostedFrom","-- Postet via {0} --","no","string","Api"
"srchBlog","Søk i blogg","no","string","BlogPages"
"tipPrintBlog","Skriv ut blogginnlegg","no","string","BlogPages"
"ttlBlog","Blogg","no","string","BlogPages"
"lblRateMe","Vurder dette innlegget","no","string","BlogPages"
"lblBlog","blogg","no","string","BlogPages"
"lblComments","Kommentarer","no","string","BlogPages"
"btnPrintBlog","Skriv ut blogg","no","string","BlogPages"
"DeleteBookmarks","Slett bokmerke","no","string","Bookmarks"
"DeleteConfirm","Er du sikker på at du vil slette bokmerker?","no","string","Bookmarks"
"Deleted","Bokmerket er slettet","no","string","Bookmarks"
"IndexTitle","Bokmerker","no","string","Bookmarks"
"Started","Begynt","no","string","Bookmarks"
"STRSOCIALSHARE","Vis ikoner for sosiale medier","no","string","btnHelp"
"STRIPLOGGING","Registrer IP-adresse til medlemmene","no","string","btnHelp"
"hlpBold","Uthevings tag gjør den merkede teksten uthevet<br />Bruk: [b]Dette er litt tekst[/b]<br /><b>Dette er litt tekst</b>","no","string","btnHelp"
"hlpCenter","Sentrering får den merkede teksten til å bli sentrert .<br />Bruk: [center]Dette er litt sentrert tekst[/center]<br /><div class=text-center><span style=width: 100% class=text-center>Dette er litt sentrert tekst</span></div>","no","string","btnHelp"
"hlpCode","Kodetagger <br />Siterer teksten  and beholder formateringer. Nyttig til å vise kode.<br />Use: [code]Dette er formatert tekst[/code]","no","string","btnHelp"
"hlpColour","Tag for tekstfarge <br />Setter tekstfarge, alle navngitte farger kan brukes.<br />Bruk: [XXX]Dette er XXX tekst[/XXX]<br /> <span style=color: inherit>Dette er XXX tekst</span>","no","string","btnHelp"
"hlpDirectionLTR","LTR-retningstag: pakker den valgte teksten i span-kode med dir = ltr. Nyttig til å skrive ltr-tekst i et rtl-basert forum <br> Bruk: [ltr] Dette er litt ltr-tekst [/ ltr] <br> <span dir='ltr' class='pull-left'> Dette er litt ltr-justert tekst <!-- span--></span>","no","string","btnHelp"
"hlpDirectionRTL","RTL-retningstag: pakker den valgte teksten i en span-kode med dir = rtl. Nyttig til å skrive rtl-tekst i et ltr-basert forum <br> Bruk: [rtl] Dette er litt rtl-justert tekst [/ rtl] <br> <span dir='rtl' class='pull-right'> Dette er litt rtl-justert tekst <!-- span--></span>","no","string","btnHelp"
"hlpEmail","Epost tag<br />gjør en epostadresse til en mailto-lenke.<br />Bruk: [url=email@email.com]lenket tekst[/url]","no","string","btnHelp"
"hlpFont","Font tag<br />Setter fonttype på den merkede teksten<br />Use: [font=XXX]Fonten for denne teksten er XXX[/font=XXX]","no","string","btnHelp"
"hlpImage","Bildetag<br />Setter et bilde inn i innlegget.<br />Bruk: [img]http://www.anywhere.com/image.gif[/img]","no","string","btnHelp"
"hlpItalic","Kursiv tag gjør den merkede teksten kursiv<br />Bruk: [i]Dette er kursivert tekst[/i]<br /><i>Dette er kursivert tekst</i>","no","string","btnHelp"
"hlpLeft","Venstrejuster får den merkede teksten til å legge seg  ved venstre marg<br />Use: [left]Bruk denne for venstrejustert tekst[/left]<br /><span class=text-left>Dette er venstrejustert tekst</span>","no","string","btnHelp"
"hlpLink","Hyperlenke tag<br />gjør en url til en hyperlenke<br />Use: [url]http://www.anywhere.com[/url]<br />Bruk: [url=http://www.anywhere.com]Link&nbsp;text[/url]","no","string","btnHelp"
"hlpList_Alphabetic","Alfabetisk liste","no","string","btnHelp"
"hlpList_Numeric","Numerisk liste","no","string","btnHelp"
"hlpList_Unordered","Usortert liste","no","string","btnHelp"
"hlpQuote","Sitat-tag<br />Siterer den merkede teksten for å vise til noe spesielt som noen har postet.<br />Use: [quote]Dette er et sitat[/quote]","no","string","btnHelp"
"hlpRight","Høyrejustert får den merkede teksten til å legge seg ved høyre kant.<br />Use: [right]Dette er litt høyrejustert tekst[/right]<br /><span class=pull-right>Dette er litt høyrejustert tekst</span>","no","string","btnHelp"
"hlpRule","Horisontal linje lager en vannrett linje på tvers av innlegget ditt.<br />Bruk: [hr]<br /><hr />","no","string","btnHelp"
"hlpSize","Fontstørrelsestag<br />Setter tekststørrelsen. Mulige  verdier er 1 til 6, der 1 er minst. <br />Bruk: [size=XXX]This is size XXX text[/size=XXX]","no","string","btnHelp"
"hlpStrike","Gjennomstreking får den merkede teksten til  å bli overstrøket med ei linje. <br />Bruk: [s]Dette er overstrøket tekst[/s]<br /><del>Dette er overstrøket tekst</del>","no","string","btnHelp"
"hlpSubscript","Senket skrift er et tall, bokstav eller et symbol som er mindre en de andre tegnene og står litt under. <br />Use: H[sub]2[/sub]O<br />H<sub>2</sub>O","no","string","btnHelp"
"hlpSuperscript","Hevet skrift er et tall, bokstav eller et symbol som er mindre en de andre tegnene og står litt over. <br />Use: y=mc[sup]2[/sup]<br />y=mc<sup>2</sup>","no","string","btnHelp"
"hlpTable","","no","string","btnHelp"
"hlpTableCell","","no","string","btnHelp"
"hlpTableGrid","","no","string","btnHelp"
"hlpTableRow","","no","string","btnHelp"
"hlpUnderline","Understrekings-tag understreker den valgte teksten<br />Use: [u]Dette er understreket tekst[/u]<br /><span class=underline>Dette er understreket tekst</span>","no","string","btnHelp"
"hlpYoutube","Youtube-tag<br />Inneholder en Youtube-video
i ett innlegg.<br />Bruk: [youtube]https://www.youtube-nocookie.com/embed/y9lXfu6jLDw[/youtube]","no","string","btnHelp"
"dlgTitle","Editors taggehjelp","no","string","btnHelp"
"prompt_alpha","Alfabetisk liste. Legg til elementene, en per linje","no","string","btnPrompt"
"prompt_bold","Tekst som skal være UTHEVET","no","string","btnPrompt"
"prompt_center","Test som skal være sentrert","no","string","btnPrompt"
"prompt_code","Kode som skal formateres","no","string","btnPrompt"
"prompt_colour","Tekst som skal være {0}","no","string","btnPrompt"
"prompt_email","Tekst som skal vises i linken. La være tom for å vise e-postadressen i innlegget","no","string","btnPrompt"
"prompt_email_url","e-postadresse","no","string","btnPrompt"
"prompt_font","Tekst som skal være i {0}","no","string","btnPrompt"
"prompt_image","URL til bilde (inkludert http) ","no","string","btnPrompt"
"prompt_italic","Tekst som skal KURSIVERES","no","string","btnPrompt"
"prompt_left","Tekst som skal ligge til VENSTRE","no","string","btnPrompt"
"prompt_listitem","Tekst for elementer i ny liste","no","string","btnPrompt"
"prompt_ltr","Tekst som skal være LTR","no","string","btnPrompt"
"prompt_numbered","Nummerert liste. Legg til elementer, en pr linje","no","string","btnPrompt"
"prompt_quote","Tekst som skal siteres","no","string","btnPrompt"
"prompt_right","Tekst som skal ligge til HØYRE","no","string","btnPrompt"
"prompt_rtl","Tekst som skal være RTL","no","string","btnPrompt"
"prompt_size","Tekst som skal være størrelse {0}","no","string","btnPrompt"
"prompt_strike","Tekst som skal være OVERSTRØKET","no","string","btnPrompt"
"prompt_sub","Tekst som skal være SENKET","no","string","btnPrompt"
"prompt_sup","Tekst som skal være HEVET","no","string","btnPrompt"
"prompt_underline","Tekst som skal være UNDERSTREKET","no","string","btnPrompt"
"prompt_unordered","Usortert liste. Legg til elementer, en per linje","no","string","btnPrompt"
"prompt_url","Tekst som skal vises for lenken. La være tom for å vise url-en","no","string","btnPrompt"
"prompt_url_url","Url til link","no","string","btnPrompt"
"STRJUMPLASTPOST","","no","string","ConfigStrings"
"STRLNEWS","","no","string","ConfigStrings"
"STRLOGONFORMAIL","","no","string","ConfigStrings"
"STRMARSTATUS","","no","string","ConfigStrings"
"STRMINAGE","","no","string","ConfigStrings"
"STRSTATE","","no","string","ConfigStrings"
"STRSTICKYTOPIC","","no","string","ConfigStrings"
"STRSUBSCRIPTION","","no","string","ConfigStrings"
"STRTIMEADJUST","","no","string","ConfigStrings"
"STRTIMETYPE","","no","string","ConfigStrings"
"STRTOPICPAGESIZES","","no","string","ConfigStrings"
"STRUNIQUEEMAIL","","no","string","ConfigStrings"
"STRUSECAPTCHA","","no","string","ConfigStrings"
"STRYAHOO","","no","string","ConfigStrings"
"STRMODERATION","","no","string","ConfigStrings"
"STRMOVENOTIFY","","no","string","ConfigStrings"
"STRMOVETOPICMODE","","no","string","ConfigStrings"
"STRMSN","","no","string","ConfigStrings"
"STROCCUPATION","","no","string","ConfigStrings"
"STRPAGENUMBERSIZE","","no","string","ConfigStrings"
"STRPICTURE","","no","string","ConfigStrings"
"STRPMATTACH","","no","string","ConfigStrings"
"STRPMLIMIT","","no","string","ConfigStrings"
"STRPMSIG","","no","string","ConfigStrings"
"STRPMSOUND","","no","string","ConfigStrings"
"STRPMSTATUS","","no","string","ConfigStrings"
"STRPRIVATEFORUMS","","no","string","ConfigStrings"
"STRQUOTE","","no","string","ConfigStrings"
"STRRECENTTOPICS","","no","string","ConfigStrings"
"STRRESTRICTREG","","no","string","ConfigStrings"
"STRSEARCHPAGESIZES","","no","string","ConfigStrings"
"STRSEX","","no","string","ConfigStrings"
"STRSHOWANNOUNCE","","no","string","ConfigStrings"
"STRSHOWFORMATBUTTONS","","no","string","ConfigStrings"
"STRSHOWMODERATORS","","no","string","ConfigStrings"
"STRSHOWPAGING","","no","string","ConfigStrings"
"STRSHOWPRINTERFRIENDLY","","no","string","ConfigStrings"
"STRSHOWQUICKREPLY","","no","string","ConfigStrings"
"STRSHOWSENDTOFRIEND","","no","string","ConfigStrings"
"STRSHOWSMILIESTABLE","","no","string","ConfigStrings"
"STRSHOWSTATISTICS","","no","string","ConfigStrings"
"STRSHOWTOPICNAV","","no","string","ConfigStrings"
"STRSIGNATURES","","no","string","ConfigStrings"
"STRACTIVEPAGESIZES","","no","string","ConfigStrings"
"STRAGE","","no","string","ConfigStrings"
"STRAGEDOB","","no","string","ConfigStrings"
"STRAIM","","no","string","ConfigStrings"
"STRALLOWFORUMCODE","","no","string","ConfigStrings"
"STRALLOWUPLOADS","","no","string","ConfigStrings"
"STRARCHIVESTATE","","no","string","ConfigStrings"
"STRBADWORDFILTER","","no","string","ConfigStrings"
"STRBIO","","no","string","ConfigStrings"
"STRCITY","","no","string","ConfigStrings"
"STRCONTACTEMAIL","","no","string","ConfigStrings"
"STRCOUNTRY","","no","string","ConfigStrings"
"STRCURRENTTIMEZONE","","no","string","ConfigStrings"
"STRDATETYPE","","no","string","ConfigStrings"
"STRDSIGNATURES","","no","string","ConfigStrings"
"STREDITEDBYDATE","","no","string","ConfigStrings"
"STREMAIL","","no","string","ConfigStrings"
"STREMAILVAL","","no","string","ConfigStrings"
"STRFAVLINKS","","no","string","ConfigStrings"
"STRFILTEREMAILADDRESSES","","no","string","ConfigStrings"
"STRFLOODCHECK","","no","string","ConfigStrings"
"STRFORUMPAGESIZES","","no","string","ConfigStrings"
"STRFROMEMAIL","","no","string","ConfigStrings"
"STRFULLNAME","","no","string","ConfigStrings"
"STRGROUPCATEGORIES","","no","string","ConfigStrings"
"STRHOBBIES","","no","string","ConfigStrings"
"STRHOMEPAGE","","no","string","ConfigStrings"
"STRHOTTOPIC","","no","string","ConfigStrings"
"STRICONS","","no","string","ConfigStrings"
"STRICQ","","no","string","ConfigStrings"
"STRIMGINPOSTS","","no","string","ConfigStrings"
"INTALLOWHIDEONLINE","","no","string","ConfigStrings"
"INTEMAILCAPTCHA","","no","string","ConfigStrings"
"INTFORUMRSS","","no","string","ConfigStrings"
"INTMAXPMRECIPIENTS","","no","string","ConfigStrings"
"INTMAXPOSTSTOEMAIL","","no","string","ConfigStrings"
"INTPROTECTCONTENT","","no","string","ConfigStrings"
"INTRECENTCOUNT","","no","string","ConfigStrings"
"INTUSETIMEAGO","","no","string","ConfigStrings"
"JumpTo","Gå til forum","no","string","Controls"
"memberSearchInitials","ABCDEFGHIJKLMNOPQRSTUVWXYZÆØÅ","no","string","Controls"
"CategoryGroups","Endre Kategori Grupper","no","string","Controls"
"passMedium","","no","string","Controls"
"passNormal","","no","string","Controls"
"passStrong","","no","string","Controls"
"passVStrong","","no","string","Controls"
"passWeak","","no","string","Controls"
"plhSearchTerm","Legg inn minst 3 tegn","no","string","Controls"
"plhUsername","Legg inn brukernavn","no","string","Controls"
"UploadError","Feil med opplasting","no","string","Dropzone"
"UploadFile","Slipp filen her for å laste opp","no","string","Dropzone"
"UploadImage","<b>Last opp bilde:</b><br/>Klikk eller slipp bilder for å legge til i albumet ditt.","no","string","Dropzone"
"UploadCSV","last opp CSV fil","no","string","Dropzone"
"AttachFile","<b>Legg ved fil:</b><br/>Klikk eller dra fil hit for å legge til innlegg","no","string","Dropzone"
"bigeyes","store øyne","no","string","Emoticon"
"bigsmile","stort smil","no","string","Emoticon"
"blackeye","sort øye","no","string","Emoticon"
"blush","rødme","no","string","Emoticon"
"boggled","boggled","no","string","Emoticon"
"angry","sur","no","string","Emoticon"
"approve","godkjent","no","string","Emoticon"
"dissapprove","mislike","no","string","Emoticon"
"cyclops","cyclops","no","string","Emoticon"
"dead","død","no","string","Emoticon"
"cool","cool","no","string","Emoticon"
"clown","klovn","no","string","Emoticon"
"eightball","åtter","no","string","Emoticon"
"evil","ond","no","string","Emoticon"
"mean","slem","no","string","Emoticon"
"kisses","kyss","no","string","Emoticon"
"heart","Elsker det!","no","string","Emoticon"
"grumpy","sur","no","string","Emoticon"
"veryangry","veldig sinna","no","string","Emoticon"
"wink","blunke","no","string","Emoticon"
"tongue","tunge","no","string","Emoticon"
"thumbsUp","tommel opp","no","string","Emoticon"
"question","spørsmål","no","string","Emoticon"
"shock","sjokkert","no","string","Emoticon"
"shy","sjenert","no","string","Emoticon"
"sad","trist","no","string","Emoticon"
"sleepy","søvnig","no","string","Emoticon"
"smile","smil","no","string","Emoticon"
"Status_Closed","Lukket","no","string","EnumDescriptions"
"Status_Open","Åpen","no","string","EnumDescriptions"
"Subscription_ForumSubscription","Forumabonnementer tillatt","no","string","EnumDescriptions"
"Subscription_None","Ingen abonnementer tillatt","no","string","EnumDescriptions"
"Subscription_TopicSubscription","Emneabonnementer tillatt","no","string","EnumDescriptions"
"SubscriptionLevel_Board","Abonnér på alle fora","no","string","EnumDescriptions"
"SubscriptionLevel_Category","Abonner på kategori","no","string","EnumDescriptions"
"SubscriptionLevel_Forum","Abonner på forum","no","string","EnumDescriptions"
"SubscriptionLevel_None","Ingen abonnement","no","string","EnumDescriptions"
"SubscriptionLevel_Topic","Abonner på emne","no","string","EnumDescriptions"
"SearchWordMatch_All","Alle ord","no","string","EnumDescriptions"
"SearchWordMatch_Any","Minst et av ordene","no","string","EnumDescriptions"
"SearchWordMatch_ExactPhrase","Eksakt frase","no","string","EnumDescriptions"
"SearchDays_Any","Alle datoer","no","string","EnumDescriptions"
"SearchDays_Since120Days","Siste 120 dager","no","string","EnumDescriptions"
"SearchDays_Since14Days","Siste 14 dager","no","string","EnumDescriptions"
"SearchDays_Since1Day","Siden i går","no","string","EnumDescriptions"
"SearchDays_Since2Days","Siste 2 dager","no","string","EnumDescriptions"
"SearchDays_Since30Days","Siste 30 dager","no","string","EnumDescriptions"
"SearchDays_Since5Days","Siste 5 dager","no","string","EnumDescriptions"
"SearchDays_Since60Days","Siste 60 dager","no","string","EnumDescriptions"
"SearchDays_Since7Days","Siste 7 dager","no","string","EnumDescriptions"
"SearchDays_SinceYear","Siste året","no","string","EnumDescriptions"
"SearchIn","Søk i","no","string","EnumDescriptions"
"SearchIn_Message","Hele meldingen","no","string","EnumDescriptions"
"SearchIn_Subject","Kun emne","no","string","EnumDescriptions"
"RankType_Both","Ranking og stjerner","no","string","EnumDescriptions"
"RankType_None","Ingen ranking","no","string","EnumDescriptions"
"RankType_RankOnly","Bare ranking","no","string","EnumDescriptions"
"RankType_StarsOnly","Bare stjerner","no","string","EnumDescriptions"
"PostStatus_Closed","Låst","no","string","EnumDescriptions"
"PostStatus_OnHold","Post på vent","no","string","EnumDescriptions"
"PostStatus_Open","Åpen","no","string","EnumDescriptions"
"PostStatus_UnModerated","Umoderert post","no","string","EnumDescriptions"
"PollAuth_AdminModerators","Tillatt bare adminer/moderatorer","no","string","EnumDescriptions"
"PollAuth_Disallow","Ikke tillat polls","no","string","EnumDescriptions"
"PollAuth_Members","Tillat alle medlemmer","no","string","EnumDescriptions"
"PostButtonMode_Basic","Grunleggende","no","string","EnumDescriptions"
"PostButtonMode_Help","Hjelp","no","string","EnumDescriptions"
"PostButtonMode_Prompt","Spør","no","string","EnumDescriptions"
"UserLevels_Administrator","Administrator","no","string","EnumDescriptions"
"UserLevels_Moderator","Moderator","no","string","EnumDescriptions"
"UserLevels_NormalUser","Forummmedlem","no","string","EnumDescriptions"
"FullTextMatch_Exact","Eksakt søkeord (ikke test testing)","no","string","EnumDescriptions"
"FullTextMatch_Loose","Finn løse søkeord(test, testing, etc)","no","string","EnumDescriptions"
"Group_All","All","no","string","EnumDescriptions"
"Group_AmphibiansReptiles","Amphibians & Reptiles","no","string","EnumDescriptions"
"Group_Birds","Birds","no","string","EnumDescriptions"
"Group_Fish","Fish","no","string","EnumDescriptions"
"Group_Fungi","Fungi","no","string","EnumDescriptions"
"Group_Insects","Insects","no","string","EnumDescriptions"
"Group_Lichens","Lichens","no","string","EnumDescriptions"
"Group_Mammal","Mammals","no","string","EnumDescriptions"
"Group_Other","Others","no","string","EnumDescriptions"
"Group_Plants","Plants","no","string","EnumDescriptions"
"Moderation_AllPosts","Alle poster moderert","no","string","EnumDescriptions"
"Moderation_Replies","Bare svar blir moderert","no","string","EnumDescriptions"
"Moderation_Topics","Bare originale innlegg blir moderert","no","string","EnumDescriptions"
"Moderation_UnModerated","Ingen moderering","no","string","EnumDescriptions"
"ModerationLevel_Allowed","Moderering tillatt","no","string","EnumDescriptions"
"ModerationLevel_NotAllowed","Moderering ikke tillatt","no","string","EnumDescriptions"
"ForumType_BlogPosts","Blogg","no","string","EnumDescriptions"
"ForumType_BugReports","Bug Forum","no","string","EnumDescriptions"
"ForumType_Bugs","Bug Forum","no","string","EnumDescriptions"
"ForumType_Topics","Standard forum","no","string","EnumDescriptions"
"ForumType_WebLink","Url lenke","no","string","EnumDescriptions"
"ForumAuthType_All","Alle besøkende","no","string","EnumDescriptions"
"ForumAuthType_AllowedMemberPassword","Tillatte medlemmer & passord","no","string","EnumDescriptions"
"ForumAuthType_AllowedMembers","Tillatte medlemmer","no","string","EnumDescriptions"
"ForumAuthType_AllowedMembersHidden","Tillatte brukere (skjult)","no","string","EnumDescriptions"
"ForumAuthType_Members","Bare registrerte brukere","no","string","EnumDescriptions"
"ForumAuthType_MembersHidden","Bare registrerte brukere (skjult)","no","string","EnumDescriptions"
"ForumAuthType_MembersPassword","Bare medlemmer & passord","no","string","EnumDescriptions"
"ForumAuthType_PasswordProtected","Passordbeskyttet","no","string","EnumDescriptions"
"ForumDays_All","Vis alle emner","no","string","EnumDescriptions"
"ForumDays_AllOpen","Vis alle åpne emner","no","string","EnumDescriptions"
"ForumDays_Archived","Vis arkiverte emner","no","string","EnumDescriptions"
"ForumDays_Draft","Vis kladd","no","string","EnumDescriptions"
"ForumDays_Last120Days","Vis emner fra siste 120 dager","no","string","EnumDescriptions"
"ForumDays_Last14Days","Vis emner fra siste 14 dager","no","string","EnumDescriptions"
"ForumDays_Last2Days","Vis emner fra siste 2 dager","no","string","EnumDescriptions"
"ForumDays_Last30Days","Vis emner fra siste 30 dager","no","string","EnumDescriptions"
"ForumDays_Last5Days","Vis emner fra siste 5 dager","no","string","EnumDescriptions"
"ForumDays_Last60Days","Vis emner fra siste 60 dager","no","string","EnumDescriptions"
"ForumDays_Last7Days","Vis emner fra siste 7 dager","no","string","EnumDescriptions"
"ForumDays_LastDay","Vis emner fra i går","no","string","EnumDescriptions"
"ForumDays_LastYear","Vis emner fra siste året","no","string","EnumDescriptions"
"ForumDays_NoReplies","Ubesvarte innlegg","no","string","EnumDescriptions"
"ActiveRefresh_FifteenMinute","Oppdatér side hvert 15. minutt","no","string","EnumDescriptions"
"ActiveRefresh_FiveMinute","Oppdatér side hvert 5. minutt","no","string","EnumDescriptions"
"ActiveRefresh_Minute","Oppdatér side hvert minutt","no","string","EnumDescriptions"
"ActiveRefresh_None","Ingen automatisk oppdatering","no","string","EnumDescriptions"
"ActiveRefresh_TenMinute","Oppdatér side hvert 10. minutt","no","string","EnumDescriptions"
"ActiveRefresh_TwoMinute","Oppdatér siden annethvert minutt","no","string","EnumDescriptions"
"ActiveTopicsSince_All","Vis alle","no","string","EnumDescriptions"
"ActiveTopicsSince_Last12Hours","siste 12 timer","no","string","EnumDescriptions"
"ActiveTopicsSince_Last2Days","siste 2 dager","no","string","EnumDescriptions"
"ActiveTopicsSince_Last2Hours","siste 2 timer","no","string","EnumDescriptions"
"ActiveTopicsSince_Last2Months","Siste 2 måneder","no","string","EnumDescriptions"
"ActiveTopicsSince_Last2Weeks","siste 2 uker","no","string","EnumDescriptions"
"ActiveTopicsSince_Last6Hours","siste 6 timer","no","string","EnumDescriptions"
"ActiveTopicsSince_LastDay","siden i går","no","string","EnumDescriptions"
"ActiveTopicsSince_LastFifteen","siste 15 minutter","no","string","EnumDescriptions"
"ActiveTopicsSince_LastHour","siste time","no","string","EnumDescriptions"
"ActiveTopicsSince_LastMonth","siste måned","no","string","EnumDescriptions"
"ActiveTopicsSince_LastThirty","siste 30 minutter","no","string","EnumDescriptions"
"ActiveTopicsSince_LastVisit","Forrige besøk den ([[LASTVISIT]])","no","string","EnumDescriptions"
"ActiveTopicsSince_LastWeek","siste uke","no","string","EnumDescriptions"
"ActiveTopicsSince_Registration","Siden registrering","no","string","EnumDescriptions"
"CategorySubscription_CategorySubscription","Kategoriabonnement tillatt","no","string","EnumDescriptions"
"CategorySubscription_ForumSubscription","Forumabonnement tillatt","no","string","EnumDescriptions"
"CategorySubscription_None","Ingen abonnement tillatt","no","string","EnumDescriptions"
"CategorySubscription_TopicSubscription","Emneabonnement tillatt","no","string","EnumDescriptions"
"CaptchaOperator_Minus","Minus","no","string","EnumDescriptions"
"CaptchaOperator_Multiply","Multiplisere","no","string","EnumDescriptions"
"CaptchaOperator_Plus","Pluss","no","string","EnumDescriptions"
"CalRecur_EveryDay","Hver dag","no","string","EnumDescriptions"
"CalRecur_EveryMonth","Hver måned","no","string","EnumDescriptions"
"CalRecur_EveryOtherDay","Hver andre dag","no","string","EnumDescriptions"
"CalRecur_EveryOtherWeek","Hver andre uke","no","string","EnumDescriptions"
"CalRecur_EveryWeek","Hver uke","no","string","EnumDescriptions"
"CalRecur_EveryYear","Hvert år","no","string","EnumDescriptions"
"CalRecur_None","Ikke repeterende","no","string","EnumDescriptions"
"CalRecur_Weekend","Hver helg","no","string","EnumDescriptions"
"CalAllowed_Admins","Bare administratorer kan legge til arrangementer","no","string","EnumDescriptions"
"CalAllowed_AdminsModerators","Bare administratorer/moderatorer kan legge til arrangementer","no","string","EnumDescriptions"
"CalAllowed_Members","Alle medlemmer kan legge inn arrangementer","no","string","EnumDescriptions"
"CalAllowed_None","Arrangement er deaktivert","no","string","EnumDescriptions"
"CalDays_Fri","Fredag","no","string","EnumDescriptions"
"CalDays_Mon","Mandag","no","string","EnumDescriptions"
"CalDays_Sat","Lørdag","no","string","EnumDescriptions"
"CalDays_Sun","Søndag","no","string","EnumDescriptions"
"CalDays_Thur","Torsdag","no","string","EnumDescriptions"
"CalDays_Tues","Tirsdag","no","string","EnumDescriptions"
"CalDays_Wed","Onsdag","no","string","EnumDescriptions"
"BannedWords","Kan ikke søke etter forbudte ord","no","string","ErrorMessage"
"CaptchaCheck_Wrong","Feil verdi i sum, vennligst prøv igjen","no","string","ErrorMessage"
"AdminController_AddRole_Role_already_exists","Rollen finnes allerede","no","string","ErrorMessage"
"AdminController_Username_does_not_exist","Brukernavnet finnes ikke","no","string","ErrorMessage"
"Account_Disabled","deaktivert","no","string","ErrorMessage"
"ForumNotfound","Fant ikke forum med denne ID","no","string","ErrorMessage"
"ForumCategoryIDMatch","Forum- og kategori-ID er ikke like","no","string","ErrorMessage"
"EditTopicPermission","Du har ikke tillatelse til å redigere dette emnet.","no","string","ErrorMessage"
"FloodcheckErr","Flood check er aktivert.&lt;br/&gt;Du må vente {0} sekunder før du kan poste nytt svar","no","string","ErrorMessage"
"EmailChange","Det var en feil når e-postadressen skulle endres. Vennligst prøv igjen.","no","string","ErrorMessage"
"EditProfilePermission","Du har ikke tillatelse til å redigere denne profilen","no","string","ErrorMessage"
"EditReplyNoPermission","Du har ikke tillatelse til å redigere denne posten.","no","string","ErrorMessage"
"EmailError","Emne eller melding er ikke gitt","no","string","ErrorMessage"
"EmailExists","Epost eksisterer allerede eller er ugyldig","no","string","ErrorMessage"
"emailHeader","Send e-post feil","no","string","ErrorMessage"
"EmailNotValid","Du må legge inn en gyldig epostadresse","no","string","ErrorMessage"
"ErrHeading","En feil har oppstått. Vennligst kontakt administrator.","no","string","ErrorMessage"
"CompareFail","Feltet {0} og{1} er ikke det samme","no","string","ErrorMessage"
"compCurrentEmail","Verdien {0} er ikke det samme som din {1}.","no","string","ErrorMessage"
"compNewPassword","'{0}' og'{1}' er ikke det samme","no","string","ErrorMessage"
"compPassword","'{0}' and '{1}' er ikke det samme","no","string","ErrorMessage"
"DuplicateEmail","Denne e-postadressa er allerede registrert","no","string","ErrorMessage"
"DelSelfErr","Kan ikke slette din egen bruker","no","string","ErrorMessage"
"DelAdminErr","Kan ikke slette administratorer","no","string","ErrorMessage"
"DeleteReplyNotLast","Kan ikke slette en post hvis det ikke er den siste. Hvis du ønsker at posten skal fjernes, vennligst kontakt en moderator eller administrator","no","string","ErrorMessage"
"DeleteTopicNotEmpty","Kan ikke slette emner med svar","no","string","ErrorMessage"
"LockedAccount","Kontoen er stengt","no","string","ErrorMessage"
"LockedForumNoPost","Du kan ikke poste i et lukket forum","no","string","ErrorMessage"
"LockedTopicReply","Kan ikke svar på et låst emne","no","string","ErrorMessage"
"LoginFailed","Brukernavn eller passord er feil","no","string","ErrorMessage"
"GeneratePasswordResetToken_Fail","Kan ikke generere nøkkel for å tilbakestille passord","no","string","ErrorMessage"
"InvalidID","Ikke gyldig post-id","no","string","ErrorMessage"
"InvalidUrl","Vær vennlig å bruke en gyldig URL","no","string","ErrorMessage"
"InvalidUsername","Brukernavnet er ikke gyldig eller inneholder ugyldige tegn.","no","string","ErrorMessage"
"IncompleteReg","Du er ikke ferdig med registreringen","no","string","ErrorMessage"
"ThumbnailSave","Problem med å lagre thumbnail","no","string","ErrorMessage"
"Username_cannot_be_empty","Brukernavn kan ikke være tomt","no","string","ErrorMessage"
"UserNameExists","Brukernavnet finnes allerede eller er ugyldig","no","string","ErrorMessage"
"UsernameNotFound","Brukernavnet ble ikke funnet","no","string","ErrorMessage"
"UserFilterError","Epostadresse ikke tillatt","no","string","ErrorMessage"
"Validation_Required","{0} kreves","no","string","ErrorMessage"
"typeEmail","{0} er ikke en gyldig epostadresse","no","string","ErrorMessage"
"UnApprovedAccount","Kontoen ikke godkjent","no","string","ErrorMessage"
"TopicController_select_at_least_one_reply","Du må velge minst et svar","no","string","ErrorMessage"
"PostingDisabled","Det er for øyeblikket ikke mulig å poste innlegg.","no","string","ErrorMessage"
"PostMessageForumPermission","Du har ikke tillatelse til å poste i dette forumet ","no","string","ErrorMessage"
"PasswordChangeError","Nåværende passord er feil eller det nye passordet er ugyldig.","no","string","ErrorMessage"
"NoValues","Ingen verdier er gitt","no","string","ErrorMessage"
"ProfileNoView","Kan ikke vise {0} brukerprofiler.","no","string","ErrorMessage"
"PropertyRequired","{0} kreves","no","string","ErrorMessage"
"StringLengthMax","{0} kan ikke være lenger enn {1} tegn.","no","string","ErrorMessage"
"strMinLength","{0} må være minst {1} tegn","no","string","ErrorMessage"
"strMaxLength","{0} har maksimum lengde på {1}","no","string","ErrorMessage"
"srchHeading","Søkefeil!","no","string","ErrorMessage"
"SpamFilterError","Beklager, men vi tillater ikke epostadresser fra dette domenet","no","string","ErrorMessage"
"SubsDesc","Velg elementer  å abonnerer på. Du vil motta en epost når et arrangement er lagt inn.","no","string","Events"
"Other","Valg","no","string","Events"
"PluginTitle","Arrengemeneter","no","string","Events"
"PastEvents","Se tidligere aktiviteter","no","string","Events"
"TopicEventTitle","Arrangementsdetaljer","no","string","Events"
"UpcomingEvents","Kommende aktiviteter","no","string","Events"
"upComingEventTitle","Kommende aktiviteter","no","string","Events"
"ThisDate","Bare denne dato","no","string","Events"
"upPastEventsTitle","Tidligere aktiviteter","no","string","Events"
"lblAllDay","Aktivitet hele dagen","no","string","Events"
"lblDeleteEvent","Slett arrangement","no","string","Events"
"lblEventCategory","Kategori","no","string","Events"
"lblEventClub","Organisasjon","no","string","Events"
"lblEventDetails","Detaljer","no","string","Events"
"lblEventLocation","Sted","no","string","Events"
"lblEventTitle","Tittel","no","string","Events"
"lblEndDate","Slutt dato","no","string","Events"
"FutureDates","Alle kommende datoer","no","string","Events"
"lblStartDate","Start dato","no","string","Events"
"lblShowInCalendar","Vis arrangementer i kalender","no","string","Events"
"lblRecurs","Gjentakende","no","string","Events"
"msgDeleteEvent","Er du sikker på at du vil slette dette arrangementet?","no","string","Events"
"MySubs","Mine abonnement","no","string","Events"
"calAllowed","Hvem kan poste arrangementer","no","string","Events"
"EventCategories","Kategorier","no","string","Events"
"EventFilter","Filtrer etter","no","string","Events"
"EventSubs","Abonner på aktiviteter","no","string","Events"
"AddEvent","Legg til aktivitet","no","string","Events"
"AllCategories","Alle kategorier","no","string","Events"
"AllClubs","Alle organisasjoner","no","string","Events"
"AllDates","Alle datoer","no","string","Events"
"AllDayEvent","Hele dagen","no","string","Events"
"AllLocations","Alle fylker","no","string","Events"
"calShowBDays","Vis fødselsdager","no","string","Events"
"calTitle","Arrangementer","no","string","Events"
"calUpcomingWidget","Hvis kommende datoer i sidefeltet","no","string","Events"
"calDelAll","Alle datoer","no","string","Events"
"calDeleteOptions","Slett alternativer","no","string","Events"
"calDelFuture","Alle framtidige datoer","no","string","Events"
"calDelThis","Bare denne dato","no","string","Events"
"calFirstDayofWeek","Første dag i uka","no","string","Events"
"calHolidaysFor","Vis helligdager for ..","no","string","Events"
"calIsPublic","Synlig for ikke-medlemmer","no","string","Events"
"calMaxRecords","Maksimum gjentatte arrangement","no","string","Events"
"calPublicData","Offisielle helligdager fra","no","string","Events"
"calPublicHolidays","Vis offentlige helligdager for","no","string","Events"
"fileAttr","Attr","no","string","FileManager"
"fileCopyErr","Kopiere/flytte-feil","no","string","FileManager"
"fileCopyMsg","Ingen mappe er gitt. Oppgi et mappenavn. ","no","string","FileManager"
"fileCreated","Opprettet","no","string","FileManager"
"fileDelete","Slett","no","string","FileManager"
"fileModified","Endret","no","string","FileManager"
"fileName","Navn","no","string","FileManager"
"fileRename","Endre navn","no","string","FileManager"
"fileSelectErr","Utvalgsfeil","no","string","FileManager"
"fileSelectMsg","Ingen er valgt. For å velge, bruk avmerkingsboksen til venstre.","no","string","FileManager"
"fileSize","Størrelse","no","string","FileManager"
"fileZip","Zip","no","string","FileManager"
"ConfirmTarget","til  '[folder]' folderen","no","string","FileManager"
"Confirm","Bekreftelse kreves","no","string","FileManager"
"ConfirmMsg","Er du sikker på at du vil [sAction] de(n) [nMarked] som er avmeket","no","string","FileManager"
"NewFilename","Gi et nytt navn for","no","string","FileManager"
"NoFolderErr","Lag mappefeil","no","string","FileManager"
"NoFolderMsg","Det ble ikke gitt noe mappenavn. Oppgi et nytt mappenavn i tekstboksen.","no","string","FileManager"
"UploadErr","Opplastingsfeil","no","string","FileManager"
"upFolder","Flytt til mappe","no","string","FileManager"
"UploadNoFileMsg","Ingen fil ble gitt. Velge en fil som skal lastes opp.","no","string","FileManager"
"openDBManager","Åpne DB-manager","no","string","FileManager"
"Rename","Gi nytt navn","no","string","FileManager"
"RememberMe","Husk passord","no","string","General"
"ReceiveEmail","Tillat forum medlem å sende deg e-post?","no","string","General"
"Refresh","Oppdater","no","string","General"
"RegEmailResent","Epost er sendt på nytt. Finn eposten og følg anvisning for å fullføre registreringen. ","no","string","General"
"Register","registrer deg.","no","string","General"
"ProfileOccupation","Yrke","no","string","General"
"ProfilePMNotify","Motta epostvarsling","no","string","General"
"ProfilePMReceive","Motta privat melding","no","string","General"
"ProfilePMSentItems","Lagre sendte meldinger","no","string","General"
"ProfilePosts","Innlegg","no","string","General"
"ProfileQuote","Favorittsitat","no","string","General"
"ProfileShowSig","Se medlemmers signatur","no","string","General"
"ProfileSignature","Signatur","no","string","General"
"ProfileState","Fylke","no","string","General"
"ProfileStatus","Er låst","no","string","General"
"ProfileTitle","Tittel","no","string","General"
"ProfileUseSig","VIs signatur i innlegg","no","string","General"
"ProfileYahoo","Yahoo Messenger","no","string","General"
"Optional","Valgfritt","no","string","General"
"pageGeneration","Side generert på {0} sekunder","no","string","General"
"pdfLabel","Hvis du ikke kan se fil, kan du laste ned fra &lt;a href='{0}'&gt;here&lt;/a&gt; eller laste ned &lt;a target='_blank' href='http://get.adobe.com/reader/'&gt;Adobe PDF Reader&lt;/a&gt; for å se fila.","no","string","General"
"PasswordChangeSuccess","Passordet er endret","no","string","General"
"PasswordInvalidToken","Gjenkjenner ikke resettingsnøkkelen","no","string","General"
"PasswordReset","Lag nytt passord","no","string","General"
"PasswordResetMsg","En epost med nøkkel til passorendring er sendt til din registrerte epostadresse. <br />Vennligst følg instruksjonene i eposten for å tilbakestille passordet ditt.<br />Nøkkelen utløper om 48 timer.","no","string","General"
"PasswordTokenExpired","Nøkkelen for å resette ble ikke funnet. Den kan være for gammel eller allerede brukt.","no","string","General"
"PasswordTokenSuccess","Nøkkelen for tilbakestilling er gyldig","no","string","General"
"Password","Passord","no","string","General"
"PasswordChangeAdminNotify","Problemer med å synkronisere passord. Vær vennlig å kontakte administrator.","no","string","General"
"ProfileAge","Alder","no","string","General"
"ProfileAllowEmail","Overstyr mine innlegg til e-post","no","string","General"
"ProfileAllowSubs","Tillat abonnement","no","string","General"
"ProfileAOL","AOL Instant Messenger","no","string","General"
"ProfileAvatar","Avatar","no","string","General"
"ProfileBio","Biografi","no","string","General"
"ProfileBirthdate","Fødselsdato","no","string","General"
"ProfileChangeEmailTitle","Skjema for å endre epost","no","string","General"
"ProfileChangePasswordTitle","Skjema for å endre passord","no","string","General"
"ProfileCity","Stedsnavn","no","string","General"
"ProfileCountry","Land","no","string","General"
"ProfileDate","Medlem siden","no","string","General"
"ProfileDefaultView","Standard forumvisning","no","string","General"
"ProfileFirstname","Fornavn","no","string","General"
"ProfileGender","Kjønn","no","string","General"
"ProfileHobby","Hobbyer","no","string","General"
"ProfileHomePage","Hjemmeside","no","string","General"
"ProfileICQ","ICQ","no","string","General"
"ProfileIP","IP-addresse","no","string","General"
"ProfileLastIP","Siste IP","no","string","General"
"ProfileLastname","Etternavn","no","string","General"
"ProfileLastPost","Siste innlegg","no","string","General"
"ProfileLastVisit","Forrige besøk","no","string","General"
"ProfileLevel","Medlemsnivå","no","string","General"
"ProfileMarStatus","Sivilstatus","no","string","General"
"ProfileMSN","Skype","no","string","General"
"ProfileNews","Siste nytt","no","string","General"
"ResendRegEmail","Send epost om registrering på nytt","no","string","General"
"SendEmailSelf","Du sender e-post til deg selv","no","string","General"
"SendMemberEmail","Send {0} en e-post","no","string","General"
"SignIn","logg på","no","string","General"
"SignInForgotPassword","Glemt passordet ditt?","no","string","General"
"SignInNoAccount","Er du ikke registrert? Vennligst","no","string","General"
"SignInPanel","Snitz Forums Mvc er et interaktivt diskusjonsmiljø som gjør at folk på Internet eller Intranet kan gi hverandre meldinger, og deretter svare.","no","string","General"
"SignOut","logg av","no","string","General"
"sendtoMessage","Jeg tenkte du ville være interessert i denne posten  i {0}: 

Emne: [url='{1}Topic/Posts/{2}?pagenum=-1&archived={3}']{4}[/url]","no","string","General"
"sendtoSubject","Fra: {0} - interessant post","no","string","General"
"TopicSubscriptionRemove","Ditt abonnement på emnet {0} er fjernet","no","string","General"
"UserName","Brukernavn","no","string","General"
"NewPassword","Nytt passord","no","string","General"
"NewUsername","Nytt brukernavn","no","string","General"
"Next","Neste","no","string","General"
"NoActiveTopics","ingen innlegg","no","string","General"
"Never","Aldri","no","string","General"
"NewEmail","Ny epost","no","string","General"
"msgQuote","Opprinnelig postet av ","no","string","General"
"Message","Melding","no","string","General"
"MessageRequired","Du må legge inn en melding","no","string","General"
"LoginFailVal","Det var problemer med å logge inn.","no","string","General"
"Member","Medlemmer","no","string","General"
"GenderList_Female","Kvinne","no","string","General"
"GenderList_Male","Mann","no","string","General"
"GenderList_Other","Annet","no","string","General"
"IsApproved","Er godkjent","no","string","General"
"IsConfirmedRequired","Bekreftelsefeltet er påkrevd.","no","string","General"
"fulltextSearch","Fulltekstsøking er mulig her. Bruk andre eller tredje radioknapp over.","no","string","General"
"ForumSubscriptionRemove","Ditt abonnemenent på forum {0} ble fjernet","no","string","General"
"lblDraftPost","","no","string","General"
"ConfirmNewPassword","Bekreft nytt passord","no","string","General"
"ConfirmPassword","Bekreft passord","no","string","General"
"CurrentEmail","Gjeldende epost","no","string","General"
"CurrentPassword","Gjeldende passord","no","string","General"
"faqAdd","","no","string","General"
"faqAnswer","","no","string","General"
"faqQuestion","","no","string","General"
"EmailModel_From","Fra","no","string","General"
"EmailModel_Name","Navn","no","string","General"
"EmailModel_ToNameRequired","Du må legge til mottakers navn/brukernavn","no","string","General"
"EmailModelToEmailRequired","Du må legge til mottakers epostadresse","no","string","General"
"Edit","Rediger","no","string","General"
"EditProfile","Rediger profil","no","string","General"
"Email","Epost","no","string","General"
"BelowEmailThreshold","Du har ikke nok innlegg til sende epost til andre medlemmer","no","string","General"
"CaptchaDesc","Før vi begynner, må vi få bekreftet at du er et bevisst vesen (for å unngå spam). Skriv inn svaret på spørsmålet i bildet under og klikk på knappen 'Ikke en robot'.","no","string","General"
"CaptchaLabel","Skriv svar på summen i boksen bedenfor","no","string","General"
"CaptchaLegend","Bekreft at du er et menneske","no","string","General"
"CategorySubscriptionRemove","Ditt abonnement på kategori  {0} er fjernet","no","string","General"
"AccountDisabled","Din konto er deaktivert. Kontakt forum admin for info.","no","string","General"
"AccountInactive","Kontoen er ikke aktiv","no","string","General"
"Admin_ShuttingDown","Forumet vil stenge ned om {0} minutt(er)","no","string","General"
"AnonymousUser","Bla anonymt","no","string","General"
"allowedFiles","Tillatte filtyper {0}","no","string","labels"
"Admin","Admin","no","string","labels"
"btnBrowse","...","no","string","labels"
"btnCancel","Angre","no","string","labels"
"btnChange","Endre","no","string","labels"
"btnChangeEmail","Endre epost","no","string","labels"
"btnChangePassword","Endre passord","no","string","labels"
"btnChangeUsername","Endre brukernavn","no","string","labels"
"btnColour","Farge","no","string","labels"
"btnColour_Beige","Beige","no","string","labels"
"btnColour_Black","Svart","no","string","labels"
"btnColour_Blue","Blå","no","string","labels"
"btnColour_Brown","Brun","no","string","labels"
"btnColour_Green","Grønn","no","string","labels"
"btnColour_LimeGreen","Limegrønn","no","string","labels"
"btnColour_Maroon","Rødbrun","no","string","labels"
"btnColour_Navy","Marineblå","no","string","labels"
"btnColour_Orange","Oransje","no","string","labels"
"btnColour_Pink","Rosa","no","string","labels"
"btnColour_Purple","Lilla","no","string","labels"
"btnColour_Red","Rød","no","string","labels"
"btnColour_Teal","Mørk grønnblå","no","string","labels"
"btnColour_Yellow","Gul","no","string","labels"
"btnExport","Eksporter data","no","string","labels"
"btnFile","Fil","no","string","labels"
"btnFind","Finn","no","string","labels"
"btnFont","Skrifttype","no","string","labels"
"btnFont_Arial","Arial","no","string","labels"
"btnFont_ArialBlack","Arial Black","no","string","labels"
"btnFont_BookAntiqua","Book Antiqua","no","string","labels"
"btnFont_CenturyGothic","Century Gothic","no","string","labels"
"btnFont_Comic","Comic Sans MS","no","string","labels"
"btnFont_Courier","Courier New","no","string","labels"
"btnFont_Georgia","Georgia","no","string","labels"
"btnFont_Impact","Impact","no","string","labels"
"btnFont_Lucida","Lucida","no","string","labels"
"btnFont_LucidaCon","Lucida Console","no","string","labels"
"btnFont_Tahoma","Tahoma","no","string","labels"
"btnFont_Times","Times New Roman","no","string","labels"
"btnFont_Trebuchet","Trebuchet MS","no","string","labels"
"btnFont_Verdana","Verdana","no","string","labels"
"btnFormat","Format","no","string","labels"
"btnGo","OK","no","string","labels"
"btnList_Alphabetic","Alfabetisk liste","no","string","labels"
"btnList_Item","Listeelement","no","string","labels"
"btnList_Numeric","Numerisk liste","no","string","labels"
"btnList_Unordered","Usortert liste","no","string","labels"
"btnNewTopic","Nytt emne","no","string","labels"
"btnOk","OK","no","string","labels"
"btnPost","Post","no","string","labels"
"Browse","...","no","string","labels"
"btnAgree","Enig","no","string","labels"
"btnAlign","Rette inn","no","string","labels"
"Are_you_sure","Er du sikker?","no","string","labels"
"btnPrintTopic","Skrivervennlig versjon","no","string","labels"
"btnRemoveAvatar","Slett avatar","no","string","labels"
"btnReply","Svar på emne","no","string","labels"
"btnReset","Nullstill","no","string","labels"
"btnSave","Lagre","no","string","labels"
"btnSend","Send","no","string","labels"
"btnSendTopic","Send emne til en venn","no","string","labels"
"btnSize","Størrelse","no","string","labels"
"btnSize_1","x-liten","no","string","labels"
"btnSize_2","liten","no","string","labels"
"btnSize_3","medium","no","string","labels"
"btnSize_4","stor","no","string","labels"
"btnSize_5","x-stor","no","string","labels"
"btnSize_6","xx-stor","no","string","labels"
"btnSubscribe","Abonnér","no","string","labels"
"btnSubscript","Abonnere","no","string","labels"
"btnSuperscript","Superscript","no","string","labels"
"btnTable","","no","string","labels"
"btnTableCell","","no","string","labels"
"btnTableRow","","no","string","labels"
"EmailConfirm","En bekreftende e-post er sendt til den nye e-postadressen. Vennligst følg instruksjoner i e-post for å fullføre endringen.","no","string","labels"
"ForumLocked","Forumet er låst","no","string","labels"
"Cookie","Cookies","no","string","labels"
"btnUnsubscribe","Stopp abonnement","no","string","labels"
"btnUpload","Last opp","no","string","labels"
"ButtonFormatMode","Format modus","no","string","labels"
"DateFilter","Datofilter","no","string","labels"
"dlgEmailAdminTitle","Send epost til administrator","no","string","labels"
"dlgEmailMemberTitle","Send epost til bruker","no","string","labels"
"dlgIPTitle","IP-adresse","no","string","labels"
"dlgPasswordErr","Passord feil","no","string","labels"
"dlgPasswordForum","Passordbeskyttet forum","no","string","labels"
"dlgPasswordMsg","Du må legge til et passord:","no","string","labels"
"dlgPasswordReq","Trenger passord!","no","string","labels"
"dlgPasswordTitle","Passordbeskyttet forum","no","string","labels"
"dlgPMTitle","Send privat melding","no","string","labels"
"dlgSendTopic","Send emnet","no","string","labels"
"dlgSuccessTitle","Operasjon vellykket","no","string","labels"
"cbxDraft","Lagre kladd","no","string","labels"
"cbxLockTopic","Kryss av her for å låse emnet etter dette innlegget.","no","string","labels"
"cbxMakeSticky","Gjør emne prioritert","no","string","labels"
"cbxNoArchive","Ikke arkivér","no","string","labels"
"cbxShowSig","Kryss av her for å inkludere signatur fra din profil.","no","string","labels"
"cbxSubscribeTopic","Kryss av for å abonnere på emne.","no","string","labels"
"ChangeEmail","Endre epost","no","string","labels"
"ChangePassword","Endre passord","no","string","labels"
"ChangeUsername","Endre brukernavn","no","string","labels"
"cnfArchiveForum","Arkivér forum","no","string","labels"
"cnfDeleteCategory","Slette kategori?","no","string","labels"
"cnfDeleteForum","Slett forum?","no","string","labels"
"cnfDeleteTopic","Slett emne?","no","string","labels"
"cnfDeleteWeblink","Slett weblink","no","string","labels"
"cnfLockCategory","Lås kategori","no","string","labels"
"cnfLockForum","Lås forum?","no","string","labels"
"cnfLockTopic","Lås emne?","no","string","labels"
"cnfSubscribeCategory","Få melding når noen poster i denne kategorien","no","string","labels"
"cnfSubscribeForum","Få varsling når noen poster i dette forumet","no","string","labels"
"cnfSubscribeTopic","Abonnér på emne?","no","string","labels"
"cnfUnlockCategory","Lås opp kategori","no","string","labels"
"cnfUnlockForum","Lås opp forum?","no","string","labels"
"cnfUnlockTopic","Lås opp emne?","no","string","labels"
"cnfUnsubscribeCategory","Fjern abonnement til denne kategorien.","no","string","labels"
"cnfUnsubscribeForum","Fjern abonnement til dette forumet ","no","string","labels"
"cnfUnsubscribeTopic","Fjern abonnement på emnet?","no","string","labels"
"lblEditedBy","Sist redigert av","no","string","labels"
"lblDelFAQ","","no","string","labels"
"lblAnnounce","Kunngjøring","no","string","labels"
"lblController","Kontrollør","no","string","labels"
"lblCSVOnly","Bare .csv-filer er tillatt","no","string","labels"
"lblDay","Dag","no","string","labels"
"lblDeleted","slettet","no","string","labels"
"lbl404","Sida du ba om ble ikke funnet.","no","string","labels"
"lblAction","Handling","no","string","labels"
"lblCategories","Kategorier","no","string","labels"
"lblClose","Lukk","no","string","labels"
"lblArchivedCount","Akiverte post(er) {0}","no","string","labels"
"lblAuthor","Forfatter","no","string","labels"
"lblError","Feil","no","string","labels"
"lblin","i","no","string","labels"
"lblLastPost","siste post","no","string","labels"
"lblLockedTopic","Låste emner","no","string","labels"
"lblMembers","Medlemmer","no","string","labels"
"lblMonth","Måned","no","string","labels"
"lblNewPosts","Inneholder nye  innlegg siden ditt forrige besøk","no","string","labels"
"lblNo","Nei","no","string","labels"
"lblNoNewPosts","Nye innlegg siden forrige besøk","no","string","labels"
"lblNotProvided","Ikke inkludert","no","string","labels"
"lblOldPosts","Ingen nye innlegg","no","string","labels"
"lblException","Unntak","no","string","labels"
"lblFileUpload","Filopplasting","no","string","labels"
"lblFileUpload_Types","Bare bilder, pdf eller zip-filer er tillatt","no","string","labels"
"lblFor","for","no","string","labels"
"lblForum","Forum","no","string","labels"
"lblGuests","Gjest","no","string","labels"
"lblHello","Hallo","no","string","labels"
"lblHighestOnlineUsers","Flest samtidig på forumet: {0} den {1}","no","string","labels"
"lblHotTopic","Hett emne (mer enn {0} svar)","no","string","labels"
"lnkActiveTopics","Se alle aktive emner...","no","string","labels"
"lnkReturn","Returner til forum","no","string","labels"
"lblTopic","Emne","no","string","labels"
"lblTopicReview","Se innlegg i tråden","no","string","labels"
"lblTopics","Emner","no","string","labels"
"lblTotal","Totalt","no","string","labels"
"lblTotalPages","av {0} sider","no","string","labels"
"lblUnknown","Ukjent","no","string","labels"
"lblSubject","Emne","no","string","labels"
"lblView","Visning","no","string","labels"
"lblYear","År","no","string","labels"
"lblYes","Ja","no","string","labels"
"lblRepliedOn","Svart den:","no","string","labels"
"lblReplies","Svar","no","string","labels"
"lblReply","Svar","no","string","labels"
"lblReplyAuthor","Svar forfatter:","no","string","labels"
"lblSaved","har blitt lagret","no","string","labels"
"lblProfileRecentPosts","{0}s siste innlegg","no","string","labels"
"lblProfileSuccess","Profilen ble oppdatert","no","string","labels"
"lblQuickReply","Raskt svar","no","string","labels"
"lblRecent","Siste","no","string","labels"
"lblRecentActivity","Siste innlegg","no","string","labels"
"lblRecentTopics","Siste diskusjoner på","no","string","labels"
"lblOnlineUsers","Medlemmer online","no","string","labels"
"lblProfileAllPosts","All ikke-arkiverte innlegg av {0}","no","string","labels"
"lblPosted","Postet den","no","string","labels"
"lblPostedBy","av","no","string","labels"
"lblPosts","Innlegg","no","string","labels"
"lblPowered","drevet av:","no","string","labels"
"lblPrinted","Skrevet ut den","no","string","labels"
"lblPrintedFrom","Skrevet fra","no","string","labels"
"lblPrivacyContent","<p>Hvis du er enig i reglene og betingelsene nedenfor trykker du på 'Enig' knappen, hvis ikke, velg 'Angre'.</p>

<p>For å kunne bruke disse fora må brukeren minimum oppgi et brukernavn, et fornavn og etternavn, et passord og en e-post adresse. Hverken Webmaster eller medvirkende redaktører på dette forum er ansvarlig for hva den enkelte bruker oppgir av informasjon. Husk at alle opplysninger som skrives i disse fora blir offentlig tilgjengelige og du bør derfor være forsiktig når du bestemmer deg for å dele noen form for personlige opplysninger. Hver bruker som finner opplysninger, som strider mot gjeldende regler, oppfordres til å kontakte Webmaster via e-post. Når du aksepterer disse betingelsene har vi din tillatelse til å fjerne eller modifisere alle opplysninger som er oppgitt til disse fora, hvis vi på noen måte finner at data bryter med våre regler, enten disse regler er nevnt ordrett eller er underforstått.</p> 

<p>Denne siden kan inneholde linker til andre internettsider og filer. Vi har ingen kontroll over innholdet, og kan ikke garantere, at det ikke kan virke støtende eller føre til gjenkjennelse av andre. Vi vil likevel fjerne linker til materiale som vi føler er upassende så snart vi blir oppmerksomme på dette.</p> 

<p>Informasjonskapsler (cookies) må være slått på i din nettleser for å kunne delta som bruker i disse fora. Disse Informasjonskapslene blir brukt til å skjule ditt brukernavn og passord, samt til å lagre opplysninger om valgt utseende og språk, og åpner dermed for din adgang.</p>

 <p>Ved å trykke på 'Enig' knappen bekrefter du at du er 13 år gammel eller eldre. Du er fullt og helt ansvarlig for opplysninger og filer postet av deg. Du er også enig i at du ikke vil dele kopibeskyttet materiale, som du eller eierne av disse fora ikke har opphavsrett til. Ved å bruke disse fora er du enig i at du ikke vil dele noen form for informasjon som kan være: vulgær, sjikanerende, hatefull, truende, er er en overtredelse av andres privatliv, av seksuelt orientert karakter eller for øvrig bryter med norsk lovgivning.</p> 

<p>Hvis du er enig i betingelsene og reglene i denne avtalen og oppfyller avtalens krav så fortsett ved å trykke på 'Enig' knappen under. I motsatt fall velger du 'Angre'.</p>","no","string","labels"
"lblPrivacyQuestions","Hvis du har spørsmål om Personvernerklæring eller bruk av dette forumet kan du kontakte forumets administrator :","no","string","labels"
"lblPrivacyTitle","Personvernerklæring","no","string","labels"
"xSeconds","{0} sekund(er)","no","string","labels"
"Subscriptions","Abonnement","no","string","labels"
"StickyTopics","Festede emner","no","string","labels"
"plhEnterPassword","Vennligst legg inn ditt passord","no","string","labels"
"plhFindMember","Finn medlem","no","string","labels"
"Personal","Personlig","no","string","labels"
"OlderThanOneYear","Mer enn ett år siden","no","string","labels"
"OlderThanXYears","Mer enn {0} år siden","no","string","labels"
"Options","Alternativer","no","string","labels"
"PublicProfile","(Offentlig profil) skru av/på personvern","no","string","labels"
"maxFileSize","Maksimum filstørrelse {0}Mb","no","string","labels"
"PrivateProfile","(Privat profil) skru av/på personvern","no","string","labels"
"Profile","Profil","no","string","labels"
"Required","Nødvendige verdier","no","string","labels"
"sbDownloads","Forum lansering","no","string","labels"
"sbSearchForum","Søk i dette forumet","no","string","labels"
"sbSearchPage","Søk denne siden","no","string","labels"
"sbSearchTopic","Søk i emne","no","string","labels"
"Search","Søk","no","string","labels"
"Search_All","Alle","no","string","labels"
"Search_Archive","Søk i arkiverte innlegg","no","string","labels"
"Search_Date","Søk på dato","no","string","labels"
"Search_Forum","Søk i forum","no","string","labels"
"Search_In","Søk i","no","string","labels"
"Search_Member","Søk etter medlem","no","string","labels"
"Search_Members","Søk etter medlemmer","no","string","labels"
"Search_NoResults","Ingen innlegg ble funnet","no","string","labels"
"Search_Term","Søk etter tekst","no","string","labels"
"Search_Title","Søk i innlegg","no","string","labels"
"mnuAbout","Om","no","string","Menu"
"mnuAboutLicense","Lisens","no","string","Menu"
"mnuAccount","Min konto","no","string","Menu"
"mnuAccountFiles","Administrere filer","no","string","Menu"
"mnuAccountPM","Private meldinger","no","string","Menu"
"mnuAccountProfile","Brukerprofil","no","string","Menu"
"mnuActivePolls","Spørreundersøkelser","no","string","Menu"
"mnuAdmin","Admin","no","string","Menu"
"mnuAdminArchive","Arkiver","no","string","Menu"
"mnuAdminAvatar","Avatar","no","string","Menu"
"mnuAdminBbcodeFilter","Egendefinert forumkode","no","string","Menu"
"mnuAdminDate","Dato/Tid","no","string","Menu"
"mnuAdminDbManager","Databaseutforsker","no","string","Menu"
"mnuAdminDbs","Dbs script","no","string","Menu"
"mnuAdminEmail","Epostinnstilling","no","string","Menu"
"mnuAdminExplorer","Filutforsker","no","string","Menu"
"mnuAdminFeature","Funksjonsinnstillinger","no","string","Menu"
"mnuAdminForum","Forumsinnstilling","no","string","Menu"
"mnuAdminLangResources","Språkressurser","no","string","Menu"
"mnuAdminMainConfig","Hovedkonfigurasjon","no","string","Menu"
"mnuAdminManageAds","Legg til banner","no","string","Menu"
"mnuAdminMember","Konfigurer profil","no","string","Menu"
"mnuAdminMembership","Medlemskap","no","string","Menu"
"mnuAdminModerators","Moderartor","no","string","Menu"
"mnuAdminMODS","MODS","no","string","Menu"
"mnuAdminNameFilter","Filter brukernavn","no","string","Menu"
"mnuAdminOnline","Onlineaktivitet","no","string","Menu"
"mnuAdminOther","Annet ...","no","string","Menu"
"mnuAdminOtherMods","Andre mods","no","string","Menu"
"mnuAdminPending","Ventende medlemmer","no","string","Menu"
"mnuAdminPhotoAlbum","Fotoalbum","no","string","Menu"
"mnuAdminPolls","Administrer avstemninger","no","string","Menu"
"mnuAdminRanking","Rangering","no","string","Menu"
"mnuAdminReset","Reset App Pool","no","string","Menu"
"mnuAdminRoles","Rollebehandling","no","string","Menu"
"mnuAdminShutdown","Steng ned","no","string","Menu"
"mnuAdminSubs","Abonnement","no","string","Menu"
"mnuAdminTools","Verktøy","no","string","Menu"
"mnuAdminWordFilter","Stygge ord-filter","no","string","Menu"
"mnuAlbums","Fotogalleri","no","string","Menu"
"mnuBookmarks","Mine bokmerke","no","string","Menu"
"mnuCalendar","Kalender","no","string","Menu"
"mnuChangeEmail","Endre epost","no","string","Menu"
"mnuChangePassword","Endre passord","no","string","Menu"
"mnuChangeUsername","Endre brukernavn","no","string","Menu"
"mnuDonate","Gi et bidrag","no","string","Menu"
"mnuEvents","Arrangement","no","string","Menu"
"mnuForum","Forum","no","string","Menu"
"mnuForumActive","Nye innlegg","no","string","Menu"
"mnuForumAll","Alle fora","no","string","Menu"
"mnuForumFAQ","Hjelp","no","string","Menu"
"mnuForumHome","Alle forum","no","string","Menu"
"mnuForumMembers","Medlemmer","no","string","Menu"
"mnuForumSearch","Søk","no","string","Menu"
"mnuHome","Hjem","no","string","Menu"
"mnuManageGroups","Gruppe kategorier konfigurering","no","string","Menu"
"mnuMyAlbum","Mitt album","no","string","Menu"
"mnuNewMail","Ny privat melding","no","string","Menu"
"defaultMessage","Sidene er nede for vedlikehold. Vennligst kom tilbake seinere.","no","string","Offline"
"delImgMsg","Er du sikker på at du vil slette filene under?","no","string","PhotoAlbum"
"dzNotLoaded","Dropzone er ikke aktivert","no","string","PhotoAlbum"
"errTooLarge","Fila er for stor","no","string","PhotoAlbum"
"errTooLong","Filnavn er større enn maksimum på 255 tegn","no","string","PhotoAlbum"
"errType","filtype ikke tillatt","no","string","PhotoAlbum"
"addComment","Legg til kommentar","no","string","PhotoAlbum"
"mnuSpeciesList","ArtsLista","no","string","PhotoAlbum"
"mnuMemberAlbums","Medlemmers foto","no","string","PhotoAlbum"
"mnuGallery","Galleri","no","string","PhotoAlbum"
"mnuCommonAlbum","Artslista","no","string","PhotoAlbum"
"lblPrivate","Merk med privat","no","string","PhotoAlbum"
"lblProfileLink","Mitt album","no","string","PhotoAlbum"
"lblMemberCopy","Du kan ikke kopiere eller bruke disse bildene uten tillatelse fra eieren. Eier: {0}","no","string","PhotoAlbum"
"lblOwner","Eier","no","string","PhotoAlbum"
"lblScientificName","Vitenskaplig navn","no","string","PhotoAlbum"
"lblSearchFor","Etter","no","string","PhotoAlbum"
"lblSearchin","Søk i","no","string","PhotoAlbum"
"lblSearchView","Vis","no","string","PhotoAlbum"
"lblViews","Visninger","no","string","PhotoAlbum"
"lblSubmit","Post kommentar","no","string","PhotoAlbum"
"lblUpload","Bildeopplasting","no","string","PhotoAlbum"
"lblUserFilter","Filter brukernavn","no","string","PhotoAlbum"
"lblShowOnlySpecies","Vis bare bilder med artsdata","no","string","PhotoAlbum"
"lblShowThumbnails","Vis lite kikkebilde","no","string","PhotoAlbum"
"lblSize","Filstørrelse","no","string","PhotoAlbum"
"lblSpeciesCopy","Du kan ikke kopiere eller bruke disse bildene uten tillatelse fra eieren. Vær også klar over at det kan forekomme feil i navnsettingen.","no","string","PhotoAlbum"
"lblImage","Lite kikkebilde","no","string","PhotoAlbum"
"lblImages","Bilde","no","string","PhotoAlbum"
"lblImgComments","Kommentarer bilder","no","string","PhotoAlbum"
"lblForumcode","Bildekode","no","string","PhotoAlbum"
"lblGroup","Gruppe","no","string","PhotoAlbum"
"lblFeaturedImage","Utvalgt bilde","no","string","PhotoAlbum"
"lblFileName","Filnavn","no","string","PhotoAlbum"
"lblNoComments","Ingen kommentarer","no","string","PhotoAlbum"
"lblNoImg","Ingen bilder funnet","no","string","PhotoAlbum"
"lblLocalName","Norsk navn","no","string","PhotoAlbum"
"lblLastPhoto","Siste bilde","no","string","PhotoAlbum"
"lblCloseWin","Lukk vindu","no","string","PhotoAlbum"
"lblComment","Kommentar","no","string","PhotoAlbum"
"lblAlbum","Fotoalbum","no","string","PhotoAlbum"
"lblDate","Dato","no","string","PhotoAlbum"
"lblDescription","Beskrivelse","no","string","PhotoAlbum"
"lblDimensions","Størrelse","no","string","PhotoAlbum"
"lblDoNotFeature","Ikke bruk utvalgt bilde","no","string","PhotoAlbum"
"h5Index","Viser bare brukere som har bilder","no","string","PhotoAlbum"
"imgEditInf","Rediger filinformasjon","no","string","PhotoAlbum"
"imgFeature","Veksle til utvalgt bilde","no","string","PhotoAlbum"
"imgPrivate","Veksle til privat","no","string","PhotoAlbum"
"optSortCommon","Sorter etter norske navn","no","string","PhotoAlbum"
"optSortDate","Sorter dato","no","string","PhotoAlbum"
"optSortDesc","Sorter etter beskrivelse","no","string","PhotoAlbum"
"optSortFile","Sortere etter filnavn","no","string","PhotoAlbum"
"optSortId","Sorter etter ID","no","string","PhotoAlbum"
"optSortScientific","Sorter etter vitenskapelig navn","no","string","PhotoAlbum"
"optSortUser","Sorter etter bruker","no","string","PhotoAlbum"
"viewComment","Se/legg til kommentarer","no","string","PhotoAlbum"
"titleIndex","Fotogalleri","no","string","PhotoAlbum"
"tipDetails","Detaljer","no","string","PhotoAlbum"
"tipUpload","Last opp et bilde i ditt album og se lite kikkebilde i innlegget.","no","string","PhotoAlbum"
"tipViewMemberAlbum","Vis medlemmers fotoalbum","no","string","PhotoAlbum"
"tipSlide","Lysbildefremvisning","no","string","PhotoAlbum"
"tipThumbs","Miniatyrbilder","no","string","PhotoAlbum"
"tipDelImage","Slett bilde","no","string","PhotoAlbum"
"tipDelImages","Slett valgte bilder","no","string","PhotoAlbum"
"tipCheckSortAsc","Fjern avkyssing for å sortere i stigende rekkefølge","no","string","PhotoAlbum"
"tipCheckSortDesc","Kryss av for å sortere i synkende rekkefølge","no","string","PhotoAlbum"
"tipList","liste","no","string","PhotoAlbum"
"tipEditImage","Rediger bildedetaljer","no","string","PhotoAlbum"
"ResultTitle","Resultater","no","string","Poll"
"tipAddPoll","Legg til spørreundersøkelse","no","string","Poll"
"ViewComments","Vis kommentarer","no","string","Poll"
"VoteCount","({0} stemmer)","no","string","Poll"
"VotesCast"," Stemmer totalt","no","string","Poll"
"pollAllowAll","Alle","no","string","Poll"
"pollAllowed","Hvem som kan stemme","no","string","Poll"
"pollAllowMember","Bare medlemmer","no","string","Poll"
"pollAnswers","Svar","no","string","Poll"
"pollOrder","Rekkefølge","no","string","Poll"
"pollQuestion","Spørsmål","no","string","Poll"
"LastVote","Siste stemme","no","string","Poll"
"lblDisabled","Avstemming er av i dette forumet","no","string","Poll"
"lblAnswer","Svar","no","string","Poll"
"lblContainsPoll","Har avstemming","no","string","Poll"
"lblNoActive","Ingen aktive avstemminger","no","string","Poll"
"lbPageTitle","Forum-avstemminger","no","string","Poll"
"MakeFeaturedPoll","Lag denne til utvalgt avstemming","no","string","Poll"
"MarkYourVote","Gi din stemme","no","string","Poll"
"LoginToVote","vennligst {0} for å stemme","no","string","Poll"
"lblPageTitle","Forum-avstemminger","no","string","Poll"
"lblPolls","Avstemminger","no","string","Poll"
"FeaturedPoll","Utvalgte avstemminger","no","string","Poll"
"editTitle","Avstemming","no","string","Poll"
"CommentCount","({0} kommentarer)","no","string","Poll"
"DIsabled","Privat melding er ikke aktivert","no","string","PrivateMessage"
"DeleteMessage","Slett private meldinger","no","string","PrivateMessage"
"AllMembers","Alle medlemmer","no","string","PrivateMessage"
"btnUnblock","Ta bort blokkering","no","string","PrivateMessage"
"BlockedUser","Beklager, du kan ikke sende privat melding til","no","string","PrivateMessage"
"btnBlock","Tilgangsblokkering","no","string","PrivateMessage"
"lblPMSentBy","Sendt av: {0} på {1}","no","string","PrivateMessage"
"lblSelf","Du sender PM til deg selv","no","string","PrivateMessage"
"lblRecipients","mottakere","no","string","PrivateMessage"
"MailboxFull","Din meldingsboks er full. Du må fjerne noen meldinger fra din 'Sent boks' eller 'innboks'  før du kan motta nye meldinger. ","no","string","PrivateMessage"
"MailboxReminder","Vurder å fjerne noen meldinger fra 'sent boksen' eller 'innboks'","no","string","PrivateMessage"
"MailboxSize","Du har {0} meldiger i innboksen og du kan ha opptil {1}.","no","string","PrivateMessage"
"MentionedInPostSubject","Du ble nevnt i et innlegg","no","string","PrivateMessage"
"MentionedMessage","{0} nevnte deg i et innlegg [br][url]{1}Topic/Posts/{2}?pagenum=-1#{3}[/url]","no","string","PrivateMessage"
"NewMessage","Ny privat melding (PM)","no","string","PrivateMessage"
"NoPrivateMessages","ønsker ikke å motta privat melding","no","string","PrivateMessage"
"NoSaveSent","Kan ikke lagre meldinger","no","string","PrivateMessage"
"NotifyPM","Få en epostvarsling når du mottar en privat melding","no","string","PrivateMessage"
"lblMax","maks.","no","string","PrivateMessage"
"lblBlocklist","Blokkeringsliste","no","string","PrivateMessage"
"lblBlocklistUpdate","Legg til/fjern medlem fra blokkeringsliste","no","string","PrivateMessage"
"Inbox","Innboks","no","string","PrivateMessage"
"From","Fra","no","string","PrivateMessage"
"PMRe","SV:","no","string","PrivateMessage"
"PMSelf","Melding sendt til deg selv.","no","string","PrivateMessage"
"OriginalMessage","----- opprinnelig melding -----","no","string","PrivateMessage"
"OutBox","Utboks","no","string","PrivateMessage"
"PMDelConfirm","Er du sikker på at du vil slette meldingen?","no","string","PrivateMessage"
"PMForward","VS:","no","string","PrivateMessage"
"PMNoSelect","Ingen melding er valgt","no","string","PrivateMessage"
"ReceivePM","Motta private meldinger","no","string","PrivateMessage"
"RecipientBoxFull","Mottakers meldingsboks er full og meldingen kunne ikke leveres. ","no","string","PrivateMessage"
"RecipientSeparator","Skill navn med semikolon","no","string","PrivateMessage"
"PrivateMessaging","Private meldinger","no","string","PrivateMessage"
"Received","Dato sendt","no","string","PrivateMessage"
"SaveSentPM","Lagre sendte meldinger i Sent items","no","string","PrivateMessage"
"Subject","Emne","no","string","PrivateMessage"
"Sent","Sendt","no","string","PrivateMessage"
"Settings","Valg","no","string","PrivateMessage"
"SendMessage","Send privat melding (PM)","no","string","PrivateMessage"
"SendPM","Send {0} en privat melding","no","string","PrivateMessage"
"SendPMSuccess","Meldingen er sendt","no","string","PrivateMessage"
"SearchEmpty","Ingen meldinger ble funnet","no","string","PrivateMessage"
"tipAttachFile","Legg til fil","no","string","PrivateMessage"
"tipDraft","Meldingskladd","no","string","PrivateMessage"
"tipPMForward","Videresend melding","no","string","PrivateMessage"
"tipPMReply","Svar avsender","no","string","PrivateMessage"
"tipRead","Meldingen er lest","no","string","PrivateMessage"
"tipUnread","Ulest melding","no","string","PrivateMessage"
"To","Til","no","string","PrivateMessage"
"TooMany","For mange mottakere, maks antall er","no","string","PrivateMessage"
"registerTitle","Forumregistrering","no","string","Registration"
"personalInfo","Personlige detaljer","no","string","Registration"
"captchaMessage","Før vi begynnner å sette opp din konto trenger vi å få bekreftet at du er en , we need to confirm you are a sansende vesen (det er en spam-greie)).         Vær vennlig svare på spørsmålet i bildet under og klikk så 'Neste'-knappen.","no","string","Registration"
"captchaTitle","Bekreft at du er et menneske","no","string","Registration"
"approveMessage","Takk for at du registyrer deg for delta på forumet. Adminsistratorene har  valgt å  manuelt godkjenne registreringene.<br /> Du vil motta en e-post når din registrering er godkjent.","no","string","Registration"
"approveTitle","Registreringsinstruksjon","no","string","Registration"
"createAccount","Opprett konto","no","string","Registration"
"completedMessage","Du har fullført registreringen og kan nå logge inn i forumet ved å klikke på logg på-lenken. ","no","string","Registration"
"completedTitle","Registreringen er fullført","no","string","Registration"
"errMessage","Det ble en feil når din e-post skulle bekreftes. Vennligst prøv igjen.","no","string","Registration"
"errTitle","Registreringsfeil","no","string","Registration"
"emailvalMessage","For å fullføre registreringen vil du motta en e-post. Den gir deg videre instruksjoner.","no","string","Registration"
"emailvalTitle","Registreringsinstruksjoner","no","string","Registration"
"resCulture","Kultur","no","string","ResEditor"
"resEdit","Rediger ressurs","no","string","ResEditor"
"resExisting","Oppdater eksisterende poster","no","string","ResEditor"
"resExport","Eksporter ressurser","no","string","ResEditor"
"resExportAll","Alle ressurssett","no","string","ResEditor"
"resImport","Importer ressurser","no","string","ResEditor"
"resText","Tekst","no","string","ResEditor"
"staTopics","Det er i alt {0} emner og {1} nye innlegg siden ditt forrige besøk.","no","string","Stats"
"staArchive","Der er {0} arkiverte poster i {1} arkiverte emner..","no","string","Stats"
"staLastVisit","Ditt forrige besøk {0}","no","string","Stats"
"staLatestPost","{0} av","no","string","Stats"
"staMembers","{0} medlemmer har skrevet {2} innlegg i {3} forum.","no","string","Stats"
"staNewMember","Vi ønsker vårt nyeste medlem {0} velkommen. ","no","string","Stats"
"lang_en","Engelsk","no","string","SupportedCultures"
"lang_fa","Persisk","no","string","SupportedCultures"
"lang_no","Norsk","no","string","SupportedCultures"
"lang_ro","Romansk","no","string","SupportedCultures"
"aTest","Testing","no","string","Testing"
"aTest1","Testing","no","string","Testing"
"test1","Artsliste","no","string","Testing"
"test2","Galleri","no","string","Testing"
"test3","Fotoalbum","no","string","Testing"
"test4","Alle fotoalbum","no","string","Testing"
"test5","Vis bare brukere med bilder","no","string","Testing"
"Thank","Si takk!","no","string","Thanks"
"Thanked","Takket av ...","no","string","Thanks"
"thanks","takk","no","string","Thanks"
"UnThank","Ta bort takk.","no","string","Thanks"
"AdminLabel","takke-plugin","no","string","Thanks"
"ForumSetting","Tillat Thanks i innlegg","no","string","Thanks"
"ForumSettingTitle","Tillat Thanks i innlegg","no","string","Thanks"
"given","Takk gitt","no","string","Thanks"
"lblReceived","Mottatt","no","string","Thanks"
"Warning","Advarsel","no","string","Title"
"TagPrompt","Be om tag","no","string","Title"
"SearchResults","Søkeresultater","no","string","Title"
"SearchTopicPosts","Søk i emne","no","string","Title"
"SearchForumPosts","Søk i forum","no","string","Title"
"SearchAllPosts","Søk i alle innlegg","no","string","Title"
"pmPrint","Skriv ut melding","no","string","Title"
"pageHelp","Forumhjelp","no","string","Title"
"pageMembers","Forum medlemmer","no","string","Title"
"pagePrint","Skriv ut emne","no","string","Title"
"tipUnStick","Ta bort prioriterting","no","string","Tooltip"
"tipDisabled","Deaktivert konto","no","string","Tooltip"
"tipPrintPM","Skriv ut melding","no","string","Tooltip"
"tipPrintTopic","Skrivervennlig versjon","no","string","Tooltip"
"tipQuote","Sitat-tagger","no","string","Tooltip"
"tipQuoteReply","Svar med kopi av melding","no","string","Tooltip"
"tipQuoteTopic","Svar med kopi av melding","no","string","Tooltip"
"tipViewProfile","Vis profil","no","string","Tooltip"
"tipYoutube","Youtube video","no","string","Tooltip"
"tipYoutubeVid","Youtube-video","no","string","Tooltip"
"tipZapped","Zappa bruker","no","string","Tooltip"
"tipUploadAvatar","Last opp en avatar","no","string","Tooltip"
"tipViewArchive","Se arkiverte innlegg","no","string","Tooltip"
"tipViewForum","Se forum","no","string","Tooltip"
"tipRemoveBookmark","Ta bort bokmerke","no","string","Tooltip"
"tipRemoveForumSub","Ta bort forum-abonnement","no","string","Tooltip"
"tipReplies","Antall svar","no","string","Tooltip"
"tipResendValidation","Re-send validerings e-post","no","string","Tooltip"
"tipRTL","Høyre til venstre tag","no","string","Tooltip"
"tipRule","Horisontal linje","no","string","Tooltip"
"tipSendTopic","Sende emnet til en venn","no","string","Tooltip"
"tipPostCount","Innlegg","no","string","Tooltip"
"tipPreview","Forhåndsvis post","no","string","Tooltip"
"tipPreviousPage","Forrige side","no","string","Tooltip"
"tipPrevTopic","Forrige emne","no","string","Tooltip"
"tipEditCategory","Redigér kategori","no","string","Tooltip"
"tipEditFAQ","","no","string","Tooltip"
"tipEditForum","Redigér forum egenskaper","no","string","Tooltip"
"tipTopicArchived","Arkiverte innlegg","no","string","Tooltip"
"tipTopicDel","Slett emne","no","string","Tooltip"
"tipTopicHot","Hett emne","no","string","Tooltip"
"tipTopicLocked","Emnet er låst","no","string","Tooltip"
"tipTopicOnHold","Emnet er på vent","no","string","Tooltip"
"tipTopicReply","Svar på emne","no","string","Tooltip"
"tipTopicSticky","Prioritert emne","no","string","Tooltip"
"tipTopicUnmoderated","Emnet krever moderering","no","string","Tooltip"
"tipTopicUnmoderatedReplies","Umodererte svar","no","string","Tooltip"
"tipUnderline","Understreket","no","string","Tooltip"
"tipUnGroupResults","Sorter kronologisk","no","string","Tooltip"
"tipSplitTopic","Del emnet","no","string","Tooltip"
"tipStrike","Gjennomstrek","no","string","Tooltip"
"tipTable","","no","string","Tooltip"
"tipTblCell","","no","string","Tooltip"
"tipTblGrid","","no","string","Tooltip"
"tipTblRow","","no","string","Tooltip"
"tipTextchangesize","Endre tekststørrelse","no","string","Tooltip"
"tipTextcolour","Endre tekstfarge","no","string","Tooltip"
"tipTextformat","Tekstformatteringstagger","no","string","Tooltip"
"tipAlignLeft","Ventrejustert","no","string","Tooltip"
"tipAlignMiddle","Midtjustert","no","string","Tooltip"
"tipAlignRight","Høyrejustert","no","string","Tooltip"
"tipAlignSelect","Tekstjustering og retningsalternativer","no","string","Tooltip"
"tipApproveReply","Godkjenn svar","no","string","Tooltip"
"tipApproveTopic","Godkjenn emne","no","string","Tooltip"
"tipAttach","Legg ved ei fil til innlegget","no","string","Tooltip"
"tipAuthorAIM","Kontakt forfatter ved å bruke AIM","no","string","Tooltip"
"tipAuthorEmail","Send en e-post melding til avsender","no","string","Tooltip"
"tipAuthorHomePage","Besøk forfatters hjemmeside","no","string","Tooltip"
"tipAuthorICQ","Kontakt forfatter ved å bruke ICQ","no","string","Tooltip"
"tipAuthorIP","Se bruker sin IP-adresse","no","string","Tooltip"
"tipAuthorLock","Lås medlem","no","string","Tooltip"
"tipAuthorMSN","Kontakt forfatter ved å bruke Skype","no","string","Tooltip"
"tipAuthorPM","Send en privat melding til forfatter","no","string","Tooltip"
"tipAuthorUnlock","Lås opp medlem,","no","string","Tooltip"
"tipAuthorYahoo","Kontakt forfatter med Yahoo","no","string","Tooltip"
"tipBold","Fet","no","string","Tooltip"
"tipBookmarkPost","Bokmerk dette innlegget","no","string","Tooltip"
"tipCategorySubscribe","Abonnér på kategori","no","string","Tooltip"
"tipChangetextsize","Endre tekststørrelse","no","string","Tooltip"
"tipChangeTheme","Endre tema","no","string","Tooltip"
"tipCheckAll","Velg/opphev valg alle ","no","string","Tooltip"
"tipDelReply","Slett svar","no","string","Tooltip"
"tipCode","kodetagger","no","string","Tooltip"
"tipDeleteSelected","Slett valgte elementer","no","string","Tooltip"
"tipLTR","Venstre til høyre tag","no","string","Tooltip"
"tipMakeSticky","Gjør emne prioritert","no","string","Tooltip"
"tipMergeTopic","Slå sammen emnet med et annet","no","string","Tooltip"
"tipNewCategory","Ny kategori","no","string","Tooltip"
"tipNewForum","Nytt forum","no","string","Tooltip"
"tipNewTopic","Nytt emne","no","string","Tooltip"
"tipNextPage","Neste side","no","string","Tooltip"
"tipNextTopic","Neste emne","no","string","Tooltip"
"tipOffline","er for øyeblikket offline","no","string","Tooltip"
"tipOnHold","Sett på vent","no","string","Tooltip"
"tipOnline","er for øyeblikket online","no","string","Tooltip"
"tipPageTop","","no","string","Tooltip"
"tipEditReply","Redigér svar","no","string","Tooltip"
"tipEditTopic","Redigér emne","no","string","Tooltip"
"tipEditWeblink","Rediger weblink","no","string","Tooltip"
"tipEmail","Epost","no","string","Tooltip"
"tipFirstPage","Første side","no","string","Tooltip"
"tipFontSelect","Velg font","no","string","Tooltip"
"tipFontSize","Fontstørrelse","no","string","Tooltip"
"tipForumRss","RSS feed","no","string","Tooltip"
"tipForumSubscribe","Abonnér på forum","no","string","Tooltip"
"tipForumViewArchived","Se arkiverte innlegg","no","string","Tooltip"
"tipForumViewPosts","Se foruminnlegg","no","string","Tooltip"
"tipGotoPage","gå til side {0}","no","string","Tooltip"
"tipGroupResults","Grupper etter forum","no","string","Tooltip"
"tipImage","Bildetag","no","string","Tooltip"
"tipItalic","Kursiv","no","string","Tooltip"
"tipLastActive","Sist aktiv","no","string","Tooltip"
"tipLastPage","Siste side","no","string","Tooltip"
"tipLastPost","Gå til siste post","no","string","Tooltip"
"tipLink","Hyperlink","no","string","Tooltip"
"UsernameRequired","Brukernavn kreves","no","string","Validation"
