"catModeration","نظارت بر مطلب","fa","string","Admin"
"catName","رده","fa","string","Admin"
"catOrder","ترتیب","fa","string","Admin"
"catStatus","وضعیت","fa","string","Admin"
"catSubscription","بالاترین سطح اشتراک","fa","string","Admin"
"forumAddAllow","افزودن عضو","fa","string","Admin"
"forumAllowed","اعضای مجاز","fa","string","Admin"
"forumAuthType","دسترسی مجاز","fa","string","Admin"
"forumAvailMods","دبیران موجود","fa","string","Admin"
"forumCategory","طبقه","fa","string","Admin"
"forumDescription","توصیف","fa","string","Admin"
"forumModeration","نظارت","fa","string","Admin"
"forumMods","دبیران","fa","string","Admin"
"forumOrder","ترتیب","fa","string","Admin"
"forumPollsAuth","چه کسی بتواند نظرسنجی بسازد","fa","string","Admin"
"forumPostCount","شمارش تعداد مطالب","fa","string","Admin"
"forumRemAllow","حذف عضو","fa","string","Admin"
"forumType","نوع","fa","string","Admin"
"forumUnavailMods","دبیران تخصیص یافته","fa","string","Admin"
"forumUsrLook","نام کاربری را برای یافتن عضو وارد کنید","fa","string","Admin"
"forumView","نمای پیش‌فرض","fa","string","Admin"
"forumSubject","موضوع","fa","string","Admin"
"forumSubscription","اشتراک‌ها","fa","string","Admin"
"lblOnHold","در انتظار","fa","string","Admin"
"lblUnmoderated","در انتظار تأیید!!!","fa","string","Admin"
"SmtpDeliveryMethod_Network","Network","fa","string","Admin_Email"
"SmtpDeliveryMethod_PickupDirectoryFromIis","Pickup Folder From IIS","fa","string","Admin_Email"
"SmtpDeliveryMethod_SpecifiedPickupDirectory","Specified Folder","fa","string","Admin_Email"
"strPostedFrom","-- ارسال شده با {0} --","fa","string","Api"
"srchBlog","جستجوی وبلاگ","fa","string","BlogPages"
"tipPrintBlog","چاپ محتوای وبلاگ","fa","string","BlogPages"
"ttlBlog","بلاگ","fa","string","BlogPages"
"lblRateMe","امتیاز به این مطلب","fa","string","BlogPages"
"lblBlog","وبلاگ","fa","string","BlogPages"
"lblComments","نظرات","fa","string","BlogPages"
"btnPrintBlog","چاپ وبلاگ","fa","string","BlogPages"
"DeleteBookmarks","حذف نشانک‌ها","fa","string","Bookmarks"
"DeleteConfirm","آیا مطمئن هستید که می‌خواهید نشانک‌ها را حذف کنید؟","fa","string","Bookmarks"
"Deleted","نشانک‌ها حذف شدند","fa","string","Bookmarks"
"IndexTitle","نشانک‌ها","fa","string","Bookmarks"
"Started","ستاره‌دار","fa","string","Bookmarks"
"STRSOCIALSHARE","نمایش آیکون‌های شبکه‌های اجتماعی","fa","string","btnHelp"
"STRIPLOGGING","ذخیره آدرس IP اعضاء","fa","string","btnHelp"
"hlpBold","تگ پررنگ، یک متن پررنگ می‌سازد
<br>کاربرد:<br><div class='ltr pull-right'>[b]این یک متن پررنگ است[/b]</div>
<b>این یک متن پررنگ است</b>","fa","string","btnHelp"
"hlpCenter","تگ وسط چین، باعث می‌شود تا متن شما در وسط قرار بگیرد.<br>کاربرد:<br><div class='ltr pull-right'>[center]این یک متن وسط چین است[/center]</div><br><div class='text-center'><br><span style='width:' 100%='' class='text-center'>این یک متن وسط چین است</span></div>","fa","string","btnHelp"
"hlpCode","تگ کدنویسی<br />متن مرجع مورد نظر شما را قفل با حفظ قالب بندی درج می‌کند. مناسب برای نمایش کدها.<br />کاربرد: <div class=ltr>[code]این یک متن قالب‌بندی شده است[/code]</div>","fa","string","btnHelp"
"hlpColour","تگ رنگ قلم<br />رنگ متن را تنظیم می‌کند، همه رنگ‌های داری نام می‌تواند مورد استفاده قرار گیرد.<br />کاربرد: <div class=ltr>[XXX]این یک متن رنگی است[/XXX]</div><br /> <span style=color: inherit>این یک متن رنگی است</span>","fa","string","btnHelp"
"hlpDirectionLTR","تگ چپ به راست، باعث می‌شود تا متن شما آرایش چپ به راست بگیرد.<br>کاربرد:<br><div class='ltr'>[LTR]این یک متن چپ به راست است[/LTR]</div><br><div class='ltr'><span style='width:' 100%='' class='text-left'>این یک متن چپ به راست است</span></div>","fa","string","btnHelp"
"hlpDirectionRTL","تگ راست به چپ، باعث می‌شود تا متن شما آرایش راست به چپ بگیرد.<br>کاربرد: <div class='ltr pull-right'>[RTL]این یک متن راست به چپ است است[/RTL]</div><br><div class='rtl'><span style='width:' 100%='' class='text-right'>این یک متن راست به چپ است</span></div>","fa","string","btnHelp"
"hlpEmail","تگ ایمیل<br />آدرس ایمیل را به یک لینک ایمیل تبدیل می‌کند<br />کاربرد: <div class='ltr'>[url=email@email.com]متن لینک[/url]</div>","fa","string","btnHelp"
"hlpFont","تگ قلم<br />شکل قلم متن را تنظیم می‌کند.<br />کاربرد: <div class=ltr>[font=XXX]قلم این متن ...است[/font=XXX]</div>","fa","string","btnHelp"
"hlpImage","تگ تصویر<br />یک تصویر را به یک مطلب وارد می‌کند.<br />کاربرد: <div class=ltr>[img]http://www.anywhere.com/image.gif[/img]</div>","fa","string","btnHelp"
"hlpItalic","تگ کج، یک متن کج می‌سازد
<br />کاربرد:<br /><div class='ltr pull-right'>[i]این یک متن کج است[/i]</div><br /><i>این یک متن کج است</i>","fa","string","btnHelp"
"hlpLeft","جهت چپ باعث می‌شود متن انتخاب شده با لبه سمت چپ تراز شود.<br />کاربرد: <div class=ltr>[left]این یک متن چپ چین است[/left]</div><br /><div class=text-left>این یک متن چپ چین است</div>","fa","string","btnHelp"
"hlpLink","تگ لینک<br />یک URL را به یک پیوند تبدیل می‌کند.<br />کاربرد: <div class=ltr>[url]http://www.anywhere.com[/url]</div>
<br />کاربرد: <div class=ltr>[url=http://www.anywhere.com]متن دارای پیوند[/url]</div>","fa","string","btnHelp"
"hlpList_Alphabetic"," فهرست الفبایی","fa","string","btnHelp"
"hlpList_Numeric"," فهرست شماره‌دار","fa","string","btnHelp"
"hlpList_Unordered"," فهرست نامرتب","fa","string","btnHelp"
"hlpQuote","تگ نقل قول<br />متنی را برای مشخص کردن چیزی که شخصی نوشته است، نقل قول می‌کند.<br />کاربرد: <div class=ltr>[quote]این یک نقل قول است[/quote]</div>","fa","string","btnHelp"
"hlpRight","جهت راست باعث می‌شود متن انتخاب شده با لبه سمت راست تراز شود.<br />کاربرد:<br /><div class='ltr pull-right'>[right]این یک متن راست چین است[/right]</div><br /><div class=pull-right>این یک متن راست چین است</div>","fa","string","btnHelp"
"hlpRule","خط افقی، یک خط افقی در مطلب شما رسم می‌کند.<br />کاربرد: [hr]<br /><hr />","fa","string","btnHelp"
"hlpSize","تگ اندازه قلم<br />اندازه متن را تنظیم می‌کند، مقادیر ممکن 1 تا 6 است، 1 کوچکترین است.<br />کاربرد: <div class=ltr>[size=XXX]این اندازه .... است[/size=XXX]</div>","fa","string","btnHelp"
"hlpStrike","خط‌خورده باعث می‌شود که متن انتخاب شده با یک خط بر روی آن رسم شود.
<br />کاربرد:<br /><div class='ltr pull-right'>[s]این یک متن خط‌خورده[/s]</div><br /><del>این یک متن خط‌خورده است</del>","fa","string","btnHelp"
"hlpSubscript","یک زیرشماره، شکل، نماد یا نشانگری است که کوچکتر از خط معمولی آن نوع است و کمی زیر آن تنظیم شده است. <br />کاربرد: H[sub]2[/sub]O<br />H<sub>2</sub>O","fa","string","btnHelp"
"hlpSuperscript","یک بالا شماره، شکل، نماد یا نشانگری است که کوچکتر از خط معمولی آن نوع است و کمی بالای آن تنظیم شده است. <br />کاربرد: y=mc[sup]2[/sup]<br />y=mc<sup>2</sup>","fa","string","btnHelp"
"hlpTable","تگ جدول کدهای html جدول را اضافه می‌کند.","fa","string","btnHelp"
"hlpTableCell","تگ سلولی جدول را اضافه می‌کند","fa","string","btnHelp"
"hlpTableGrid","به شما اجازه می‌دهد تعداد ردیف‌ها و ستون‌های جدول خود را انتخاب کنید.","fa","string","btnHelp"
"hlpTableRow","یک تگ ردیف جدول اضافه می‌کند","fa","string","btnHelp"
"hlpUnderline","تگ زیرخط‌دار، زیر متن شما خط می‌کشد<br />کاربرد:<br /><div class='ltr pull-right'>[u]این یک متن زیرخط‌دار است[/u]</div><br /><span class=underline>این یک متن زیرخط‌دار است</span>","fa","string","btnHelp"
"hlpYoutube","تگ یوتیوب<br />یک ویدئوی یوتیوب را در مطلب شما قرار می‌دهد.<br />کاربرد: <div class=ltr>[youtube]https://www.youtube-nocookie.com/embed/y9lXfu6jLDw[/youtube]</div>","fa","string","btnHelp"
"dlgTitle","ویرایشگر تگ راهنما","fa","string","btnHelp"
"prompt_alpha","فهرست الفایی؛ موارد فهرست را وارد کنید، هریک در یک خط.","fa","string","btnPrompt"
"prompt_bold","متن پررنگ(درشت) می‌شود","fa","string","btnPrompt"
"prompt_center","متن وسط چین می‌شود","fa","string","btnPrompt"
"prompt_code","کدها قالب‌بندی خواهند شد.","fa","string","btnPrompt"
"prompt_colour","متن باید {0}","fa","string","btnPrompt"
"prompt_email","متن برای نمایش با پیوند نشان داده می شود. برای نشان دادن آدرس ایمیل در مطلبتان، خالی بگذارید","fa","string","btnPrompt"
"prompt_email_url","آدرس ایمیل","fa","string","btnPrompt"
"prompt_font","متن باید در {0}","fa","string","btnPrompt"
"prompt_image","آدرس اینترنتی برای تصویر (دارای http باشد)","fa","string","btnPrompt"
"prompt_italic","متن بصورت کج درج خواهد شد","fa","string","btnPrompt"
"prompt_left","متن چپ چین خواهد شد","fa","string","btnPrompt"
"prompt_listitem","متن برای یک لیست جدید","fa","string","btnPrompt"
"prompt_ltr","متن آرایش چپ به راست خواهد داشت","fa","string","btnPrompt"
"prompt_numbered","فهرست شماره‌دار؛ هر یک از موارد خود را در یک خط درج کنید","fa","string","btnPrompt"
"prompt_quote","متن بصورت نقل قول نمایش داده خواهد شد","fa","string","btnPrompt"
"prompt_right","متن راست چین خواهد شد","fa","string","btnPrompt"
"prompt_rtl","متن آرایش راست به چپ خواهد داشت","fa","string","btnPrompt"
"prompt_size","متن با اندازه {0} درج خواهد شد.","fa","string","btnPrompt"
"prompt_strike","متن خط‌خورده خواهد شد","fa","string","btnPrompt"
"prompt_sub","متن پایین‌نویس خواهد شد","fa","string","btnPrompt"
"prompt_sup","متن بالانویس خواهد شد","fa","string","btnPrompt"
"prompt_underline","متن زیرخط‌دار خواهد شد","fa","string","btnPrompt"
"prompt_unordered","فهرست بدون نظم. هر یک از موارد خود را در یک خط وارد کنید","fa","string","btnPrompt"
"prompt_url","متن با پیوند نشان داده می‌شود. برای نشان دادن نشانی اینترنتی خالی بگذارید","fa","string","btnPrompt"
"prompt_url_url","نشانی اینترنتی برای پیوند","fa","string","btnPrompt"
"STRJUMPLASTPOST","روشن/خاموش کردن نمایش یک نماد پیوند به آخرین پیوند لینک در صفحه پیش فرض، صفحه تالارها و صفحه موضوعات فعال است. این لینک کاربر را به آخرین مطلب در آن موضوع می‌برد.","fa","string","ConfigStrings"
"STRLNEWS","اجازه به کاربران برای درج آخرین اخبار خود، برای نمایش در پروفایل.","fa","string","ConfigStrings"
"STRLOGONFORMAIL","محدودسازی کاربر با الزام ورود به سیستم برای اینکه بتواند از گزینه ارسال پیام به یک دوست یا پست الکترونیکی استفاده کند.","fa","string","ConfigStrings"
"STRMARSTATUS","امکان درج وضعیت تأهل در پروفایل کاربران جهت نمایش","fa","string","ConfigStrings"
"STRMINAGE","جلوگیری از ثبت‌نام کاربران زیر سن تعریف شده از سوی شما برای فعالیت در سایت. به طور پیش فرض 13 برای سازگاری با قانون حفاظت از حریم شخصی کودکان است، اما شما می توانید آن را به هر چیزی که می‌خواهید تغییر دهید. برای خاموش کردن این ویژگی به طور کامل، حداقل سن را به 0 تنظیم کنید.","fa","string","ConfigStrings"
"STRSTATE","اجازه به کاربران برای درج کشور/شهر خود پروفایل‌شان.","fa","string","ConfigStrings"
"STRSTICKYTOPIC","روشن/خاموش کردن امکان یک مدیر یا دبیر برای «سنجاق» کردن یک موضوع در بالای فهرست موضوعات. تا زمانی که یک موضوع «سنجاق شده» باشد در بالای فهرست خواهد ماند.","fa","string","ConfigStrings"
"STRSUBSCRIPTION","به شما اجازه می‌دهد بالاترین سطح اشتراک در تالارها را تنظیم کنید.
شما همچنین باید سطح مخصوص را در هر طبقه‌بندی و تالارها مشخص کنید.","fa","string","ConfigStrings"
"STRTIMEADJUST","عدد صحیح مثبت یا منفی بین 12 و 0 و 12 را وارد کنید. این ممکن است مفید باشد اگر شما در یک قسمت از جهان باشید و سرور شما در یک دیگری باشد و شما باید زمان نمایش در سایت را به زمان محلی خود برای کاربر تبدیل کنید! (مقدار پیش فرض 0 است، به این معنی که هیچ تنظیمی وجود ندارد)","fa","string","ConfigStrings"
"STRTIMETYPE","24Hr را انتخاب کنید تا همه زمان‌ها را در قالب (24 ساعته) و یا انتخاب 12Hr، تا تمام زمانها در قالب 12 ساعته همراه با AM یا PM بسته به اینکه آیا قبل یا بعد از ظهر است، نمایش داده شود. پیش فرض 24 ساعت است.","fa","string","ConfigStrings"
"STRTOPICPAGESIZES","تعداد پاسخ‌ها برای نمایش در یک موضوع را تنظیم کنید، برای تنظیم در چند صفحه، فهرستی از اندازه صفحه را با کاما جدا کنید (10,20,40 و غیره).","fa","string","ConfigStrings"
"STRUNIQUEEMAIL","الزام کاربر به درج یک ایمیل انحصاری؟","fa","string","ConfigStrings"
"STRUSECAPTCHA","هنگامی که روشن باشد، بازدیدکنندگان هنگام ثبت نام به عنوان عضو جدید نیاز به پاسخ به سوال CAPTCHA دارند.","fa","string","ConfigStrings"
"STRYAHOO","خاموش/روشن کردن امکان درج نام کاربری Yahoo، تا بتواند پیامی بفرستد و یا آنها را در فهرست دوستان خود اضافه کند.","fa","string","ConfigStrings"
"STRMODERATION","هنگامی که این ویژگی فعال شد، به مدیران یا دبیران اجازه می‌دهد که «تأیید»، «نگه‌داشت» یا «حذف» مطالب کاربران را قبل از اینکه به طور عمومی نمایش داده شود، انجام دهند.","fa","string","ConfigStrings"
"STRMOVENOTIFY","فعال بودن این گزینه باعث ارسال یک ایمیل خودکار به نویسنده موضوع می‌شود.","fa","string","ConfigStrings"
"STRMOVETOPICMODE","این ویژگی امکان یا عدم امکان جابجایی موضوعات توسط دبیر یک تالار به تالار خودش و یا سایر تالارهایی که دبیر ندارد فراهم می‌کند.","fa","string","ConfigStrings"
"STRMSN","با روشن کردن این گزینه کاربران می‌توانند نام کاربری Skype خود را درج کنند. آنگاه سایر کاربران که آنلاین هستند را ببینند.","fa","string","ConfigStrings"
"STROCCUPATION","اجازه به کاربران برای درج شغل خود، برای نمایش در پروفایل.","fa","string","ConfigStrings"
"STRPAGENUMBERSIZE","این ویژگی در حال حاضر فقط برای صفحه‌بندی موضوع مورد استفاده قرار می‌گیرد، در صورتی که موضوع دارای یک صفحه طولانی باشد، تعداد صفحات نمایش داده شده در هر صفحه محدود می‌شود.","fa","string","ConfigStrings"
"STRPICTURE","اجازه به کاربران برای آپلود آواتار، برای مشاهده در پروفایل خود و در همه مطالب ارسالی‌شان.
به عنوان مدیر، شما باید عکس را در هر پروفایل کاربری بطور دوره‌ای بررسی کنید تا اطمینان حاصل کنید که تصویر درج شده برای سایت شما مناسب باشد.","fa","string","ConfigStrings"
"STRPMATTACH","اجازه افزودن پیوست به پیام‌های خصوصی.","fa","string","ConfigStrings"
"STRPMLIMIT","حداکثر تعداد پیام‌هایی که یک کاربر می‌تواند در صندوق پستی خود نگهداری کند، شامل پیام‌های ارسالی و دریافتی.","fa","string","ConfigStrings"
"STRPMSIG","اجازه به کاربران برای افزودن امضا در پیام‌های خصوصی","fa","string","ConfigStrings"
"STRPMSOUND","هنگام دریافت اعلان خصوصی یک صدا را پخش کنید.","fa","string","ConfigStrings"
"STRPMSTATUS","اجازه به کاربران برای ارسال یک پیام خصوصی به سایر کاربران","fa","string","ConfigStrings"
"STRPRIVATEFORUMS","تالارهای محرانه شما را قادر می‌سازند تا فقط برخی کاربران خاص بتوانند در آن فعالیت کنند و محتویات آنرا ببینند. اگر فقط با گذرواژه محافظت شده باشد، همه می‌توانند ببینند که وجود دارد، اما در هر صورت برای ورود به آن نیاز به گذرواژه دارند.","fa","string","ConfigStrings"
"STRQUOTE","اجازه به کاربران برای درج یک نقل‌قول در پروفایل خودشان","fa","string","ConfigStrings"
"STRRECENTTOPICS","نمایش یک پیوند به آخرین مطالب کاربران را در پروفایل‌شان.","fa","string","ConfigStrings"
"STRRESTRICTREG","این گزینه به شما امکان می‌دهد تا ثبت‌نام کاربران را قبول و یا رد کنید.
[b] توجه: [/b] برای استفاده از این ویژگی باید گزینه تأیید ایمیل را روشن باشد.","fa","string","ConfigStrings"
"STRSEARCHPAGESIZES","تعداد موضوعات برای نمایش در نتایج جستجو را تنظیم کنید، برای تنظیم در چند صفحه، فهرستی از اندازه صفحه را با کاما جدا کنید (10,20,40 و غیره).","fa","string","ConfigStrings"
"STRSEX","اجازه به کاربران برای نمایش جنسیت خود پروفایل.","fa","string","ConfigStrings"
"STRSHOWANNOUNCE","یک اعلامیه در صفحه پیش فرض نمایش می‌دهد","fa","string","ConfigStrings"
"STRSHOWFORMATBUTTONS","خاموش یا روشن بودن قسمت قالب‌بندی بر روی صفحه نمایش زمانی‌که کاربران شما موضوع/پاسخ جدید به موضوعات موجود ارسال می‌کنند.
[b] توجه: [/b] کدهای سایت باید فعال باشند تا از این ویژگی استفاده کنید.","fa","string","ConfigStrings"
"STRSHOWMODERATORS","اگر این عملکرد روشن باشد، نام دبیر در کنار تالاری که مطالبش دارای نظارت است نشان داده می‌شود. با این حال، بازدیدکنندگان نمی‌توانند ببینند چه کسی در حال نظارت کردن تالاری است که آنها در آن در حال ارسال مطلب هستند.","fa","string","ConfigStrings"
"STRSHOWPAGING","پیمایش سریع زمانی مورد استفاده است که موضوعی بیش از یک صفحه داشته باشید، یک گرافیک کوچک و # در کنار عنوان موضوع نشان داده می‌شود، بنابراین شما می‌توانید به صفحه 2 یا 3 و غیره بروید.","fa","string","ConfigStrings"
"STRSHOWPRINTERFRIENDLY","روشن/خاموش کردن یک پیوند برای چاپگر که در هنگام مشاهده یک موضوع نشان داده می‌شود. این پیوند یک پنجره با موضوع و همه پاسخ‌های آن که برای چاپ بهتر است نمایش داده می‌شود.","fa","string","ConfigStrings"
"STRSHOWQUICKREPLY","اجازه می‌دهد تا کاربران هنگام مشاهده موضوع برای پاسخ دادن به آن از طریق یک جعبه پاسخ در پایین صفحه اقدام کنند.","fa","string","ConfigStrings"
"STRSHOWSENDTOFRIEND","روشن/خاموش کردن نمایش ارسال موضوع به دوستان که در هنگام مشاهده یک موضوع نشان داده شده است. این لینک به کاربر اجازه می‌دهد که یک موضوع را به یک دوست خود ایمیل کند. توابع ایمیل باید برای برای نشان دادن این لینک فعال باشد.","fa","string","ConfigStrings"
"STRSHOWSMILIESTABLE","به کاربران اجازه می‌دهد تا با کلیک کردن بر روی صورتک در یک جدول کوچک که در صفحه ارسال مطلب نشان داده می‌شود، در مطالب خود شکلک‌ها را وارد کنند.
[b] توجه: [/b] همچنین باید آیکون‌ها را فعال کنید تا از این ویژگی استفاده کنید.","fa","string","ConfigStrings"
"STRSHOWSTATISTICS","روشن/خاموش کردن نمایش آمار دقیق (آخرین تاریخ و زمان بازدید، آخرین مطلب، موضوعات فعال، جدیدترین عضو) در پایین تالارها. وقتی خاموش باشد، برخی آمارها در بالای صفحه نمایش داده می‌شوند.","fa","string","ConfigStrings"
"STRSHOWTOPICNAV","روشن/خاموش کردن نمایش آیکون موضوع قبلی و بعدی در صفحه موضوعات.","fa","string","ConfigStrings"
"STRSIGNATURES","به کاربران اجازه می‌دهد تا «امضا» را به مطالبشان اضافه کنند. همان نگرانی‌هایی که برای تصاویر در مطالب ذکر شده نیز در اینجا وجود دارد.","fa","string","ConfigStrings"
"STRACTIVEPAGESIZES","تعداد موضوعات برای نمایش در صفحه موضوعات فعال را تنظیم کنید، برای تنظیم در چند صفحه، فهرستی از اندازه صفحه را با کاما جدا کنید (10,20,40 و غیره).","fa","string","ConfigStrings"
"STRAGE","اجازه به کابران برای درج سن‌شان در پروفایل","fa","string","ConfigStrings"
"STRAGEDOB","اجازه به کاربران برای درج تاریخ تولد در پروفایل، محاسبه سن بر این اساس انجام و در پروفایل نمایش داده می‌شود.","fa","string","ConfigStrings"
"STRAIM","خاموش/روشن کردن امکان درج نام کاربری AIM، تا بتواند پیامی بفرستد و یا آنها را در فهرست دوستان خود اضافه کند.","fa","string","ConfigStrings"
"STRALLOWFORUMCODE","با روشن کردن کدهای سایت، شما می‌توانید به کاربر اجازه دهید تا از کدهای ایمن در مطالب خود استفاده کند.","fa","string","ConfigStrings"
"STRALLOWUPLOADS","اجازه به کاربر برای بارگزاری فایل در مطالبش.
شما می‌توانید حداکثر اندازه و نوع فایل‌های مجاز زا تنظیم کنید.","fa","string","ConfigStrings"
"STRARCHIVESTATE","عملکرد این آیکون/پیوند امکان توابع بایگانی کردن را برای سایت محیا می‌کند.","fa","string","ConfigStrings"
"STRBADWORDFILTER","چنانچه کلمات درج شده زشت و توهین‌آمیز باشد، می‌توان با پیکربندی کلمات بد، آنها را مدیریت و کنترل کرد.","fa","string","ConfigStrings"
"STRBIO","اجازه به کاربران برای درج بیوگرافی، برای نمایش در پروفایل.","fa","string","ConfigStrings"
"STRCITY","اجازه به کاربران برای درج شهرشان در پروفایل","fa","string","ConfigStrings"
"STRCONTACTEMAIL","آدرس ایمیل مدیریت سایت","fa","string","ConfigStrings"
"STRCOUNTRY","اجازه به کاربران برای انتخاب کشور خود، برای نمایش در پروفایل و همه مطالب و یا پاسخ‌هایی که توسط او ارسال شده است.","fa","string","ConfigStrings"
"STRCURRENTTIMEZONE","این سایت تلاش خواهد کرد که منطقه زمانی کاربر را شناسایی کند و زمان نمایش آن را مشخص کند، با این وجود این همیشه امکان پذیر نیست، بنابراین این گزینه، منطقه زمانی پیش‌فرض برای سایت را تنظیم می‌کند.
تاریخ و زمان در این فرمت به طور پیش‌فرض نمایش داده می‌شود. چنانچه موقعیت جغرافیایی شما و سرور سایت شما متفاوت باشد، شما باید زمان نمایش در سایت را به زمان محلی خود مورد نظر خود تبدیل کنید!","fa","string","ConfigStrings"
"STRDATETYPE","قالب نمایش برای تاریخ‌ها را انتخاب کنید. پیش‌فرض در تاریخ 1397/12/29 است.","fa","string","ConfigStrings"
"STRDSIGNATURES","اولا شما باید امضاها را برای استفاده از امضاهای پویا فعال کنید. با فعال کردن امضای پویا، امضاهای كاربر به مطالبش اضافه نمی‌شود مگر تا زمانی كه مشاهده شود، بنابراین اگر شخص امضای خود را تغییر دهد، این تغییر به تمام مطالب ارسال شده توسط آن کاربر اعمال خواهد شد. اما، این فقط برای مطالب ساخته شده با امضاهای پویا صادق است، ضمن اینکه امضاهای پویا نیز باید فعال باشند. سایر امضاهایی که از قبل در مطالب قرار داشته، به روز نخواهد شد.","fa","string","ConfigStrings"
"STREDITEDBYDATE","هنگامی که یک مطلب ویرایش می‌شود، متنی در انتهای آن دیده می‌شود که می‌گوید چه وقتی و چه کسی آن مطلب را ویرایش کرده. خاموش کردن این عملکرد باعث می‌شود که متن گفته شده در انتهای مطلب قرار نگیرد.","fa","string","ConfigStrings"
"STREMAIL","غیرفعال کردن تابع ایمیل تمام عملکردهایی را که شامل ارسال ایمیل می‌شود خاموش می کند. اگر شما یک سرور SMTP از هر نوعی ندارید، این ویژگی را خاموش کنید. اگر میل سرور SMTP دارید، باید نوع سرور خود را از منوی کشویی انتخاب کنید.","fa","string","ConfigStrings"
"STREMAILVAL","آیا می‌خواهید کاربران به هنگام ثبت‌نام اولیه موظف به تأیید آدرس ایمیل خود باشند و بتوانند هر زمان آدرس ایمیل خود را تغییر دهند؟","fa","string","ConfigStrings"
"STRFAVLINKS","اجازه به کاربران برای در 2 پیوند مورد علاقه در پروفایل کاربری‌شان.","fa","string","ConfigStrings"
"STRFILTEREMAILADDRESSES","با این گزینه شما می‌توانید تمام آدرس‌های ایمیل را از یک دامنه مشخص فیلتر کنید - مثل همه آدرس‌های example.com@
این امر ثبت‌نام افراد با آدرس‌های ایمیل در آن دامنه را محدود می‌کند.","fa","string","ConfigStrings"
"STRFLOODCHECK","با فعال شدن کنترل سرعت ثبت، کاربران عادی باید زمان مشخصی را قبل از ارسال مجدد صبر کنند.
مدیران و دبیران تحت تاثیر این محدودیت قرار نمی‌گیرند.
زمان انتظار را بر حسب ثانیه وارد کنید.","fa","string","ConfigStrings"
"STRFORUMPAGESIZES","تعداد موضوعات برای نمایش در صفحه تالارها را تنظیم کنید، برای تنظیم در چند صفحه، فهرستی از اندازه صفحه را با کاما جدا کنید (10,20,40 و غیره).","fa","string","ConfigStrings"
"STRFROMEMAIL","آدرس ایمیلی که از آن از هنگام ارسال ایمیل‌ها از توسط سایت ارسال می‌شود. (اشتراک‌ها و غیره)","fa","string","ConfigStrings"
"STRFULLNAME","اجازه به کاربران برای درج نام کامل(نام کوچک و نام خانوادگی) در در پروفایل‌شان.","fa","string","ConfigStrings"
"STRGROUPCATEGORIES","گروه‌بندی شما را قادر می‌سازد دسته‌بندی‌ها را برای نمایش در تالارها هم‌گروه و دسته‌بندی کنید.","fa","string","ConfigStrings"
"STRHOBBIES","اجازه به کاربران برای درج علاقه‌مندی‌های خود، برای نمایش در پروفایل.","fa","string","ConfigStrings"
"STRHOMEPAGE","اجازه به کاربران برای درج پیوند به صفحه خود، برای نمایش در پروفایل و مطالب ارسالی.","fa","string","ConfigStrings"
"STRHOTTOPIC","عملکرد موضوعات داغ، آیکون پوشه موضوع را از یک پوشه معمولی به یک پوشه شعله‌ور تغییر می‌دهد، تا کاربران بدانند که این موضوع دارای حداقل تعداد مطالبی است که آنرا تبدیل به یک موضوع با فعالیت زیاد کرده است.","fa","string","ConfigStrings"
"STRICONS","به کاربران اجازه دهید صورتک‌های خنده‌دار و آیکون‌های دیگر را که توسط سایت در داخل مطالب‌شان مجاز است، ارسال کنند!","fa","string","ConfigStrings"
"STRICQ","با روشن کردن این گزینه کاربران می‌توانند شماره ICQ خود را درج کنند. آنگاه به سایر کاربران پیام‌های ICQ ارسال کنند و یا آنهایی که آنلاین هستند را ببینند.","fa","string","ConfigStrings"
"STRIMGINPOSTS","به کاربران امکان می‌دهد تصاویر را در مطالب خود قرار دهند. با این حال، باید بدانید که این ویژگی هر کسی را قادر به ارسال هر تصویر در مطالب خود می‌کند. این ممکن است به پیوندهای شکسته و مواردی که ناخوشایند هستند منجر شود.","fa","string","ConfigStrings"
"INTALLOWHIDEONLINE","اجازه به اعضا برای مشاهده تالارها بصورت ناشناس.","fa","string","ConfigStrings"
"INTEMAILCAPTCHA","هنگامی که روشن باشد، کاربران هنگام استفاده از توابع ایمیل سایت، باید به سؤال CAPTCHA پاسخ دهند.","fa","string","ConfigStrings"
"INTFORUMRSS","زمانی که روشن باشد، پیوند RSS به عنوان خوراک دهنده RSS نمایش داده می‌شود.","fa","string","ConfigStrings"
"INTMAXPMRECIPIENTS","حداکثر تعداد گیرندگان اجازه داده شده برای یک پیام خصوصی.","fa","string","ConfigStrings"
"INTMAXPOSTSTOEMAIL","حداقل تعداد مطالب مورد نیاز برای اینکه کاربر بتواند از سایت ایمیل ارسال کند. 0 به معنای محدودیت نیست.","fa","string","ConfigStrings"
"INTPROTECTCONTENT","پوشه محتوای محافظت شده را فعال کنید
[b] توجه: [/b] با فعال کردن این گزینه باید پوشه‌های زیر را از پوشه Content به پوشه ProtectedContent منتقل کنید.
[list] [*] Avatar[/*] [*] Members [/*] [/list]","fa","string","ConfigStrings"
"INTRECENTCOUNT","تعداد مطالب برای نمایش در فهرست آخرین موضوعات.","fa","string","ConfigStrings"
"INTUSETIMEAGO","وقتی این گزینه روشن باشد، زمان‌ها با استفاده از یک کتابخانه جی‌کوئری نشان داده می‌شوند و با خاموش شدن آن زمان‌ها بر اساس قالب تاریخ و زمان سایت نشان داده خواهد شد.","fa","string","ConfigStrings"
"JumpTo","پرش به تالار","fa","string","Controls"
"memberSearchInitials","ABCDEFGHIJKLMNOPQRSTUVWXYZ","fa","string","Controls"
"CategoryGroups","تغییر طبقه‌بندی گروه‌ها","fa","string","Controls"
"passMedium","متوسط","fa","string","Controls"
"passNormal","عادی","fa","string","Controls"
"passStrong","قوی","fa","string","Controls"
"passVStrong","خیلی قوی","fa","string","Controls"
"passWeak","ضعیف","fa","string","Controls"
"plhSearchTerm","حداقل 3 حرف وارد کنید","fa","string","Controls"
"plhUsername","ورود نام کاربری","fa","string","Controls"
"UploadError","خطا در بارگزاری","fa","string","Dropzone"
"UploadFile","برای بارگزاری، فایل را به اینجا بکشید","fa","string","Dropzone"
"UploadImage","<b>بارگزاری تصویر:</b><br/>کلیک یا کشیدن فایل به اینجا برای افزودن به آلبوم شما.","fa","string","Dropzone"
"UploadCSV","بارگزاری فایل CSV","fa","string","Dropzone"
"AttachFile","<b>پیوست فایل:</b><br/>کلیک یا کشیدن فایل برای پیوست به موضوع","fa","string","Dropzone"
"bigeyes","متعجب","fa","string","Emoticon"
"bigsmile","قهقهه","fa","string","Emoticon"
"blackeye","چشم کبود","fa","string","Emoticon"
"blush","شرمندگی","fa","string","Emoticon"
"boggled","تأمل","fa","string","Emoticon"
"angry","عصبانی","fa","string","Emoticon"
"approve","قبول","fa","string","Emoticon"
"dissapprove","ناپسند شمردن","fa","string","Emoticon"
"cyclops","غول یک‌چشم","fa","string","Emoticon"
"dead","بی‌روح","fa","string","Emoticon"
"cool","خونسرد","fa","string","Emoticon"
"clown","مسخره","fa","string","Emoticon"
"eightball","هشت‌پا","fa","string","Emoticon"
"evil","شرارت","fa","string","Emoticon"
"mean","بدجنس","fa","string","Emoticon"
"kisses","بوسه","fa","string","Emoticon"
"heart","دوست داشتن!","fa","string","Emoticon"
"grumpy","بدخلق","fa","string","Emoticon"
"veryangry","خیلی عصبانی","fa","string","Emoticon"
"wink","چشمک","fa","string","Emoticon"
"tongue","زبان","fa","string","Emoticon"
"thumbsUp","موفقیت","fa","string","Emoticon"
"question","پرسش","fa","string","Emoticon"
"shock","حیرت","fa","string","Emoticon"
"shy","خجالتی","fa","string","Emoticon"
"sad","غمگین","fa","string","Emoticon"
"sleepy","خواب‌آلود","fa","string","Emoticon"
"smile","لبخند","fa","string","Emoticon"
"Status_Closed","بسته","fa","string","EnumDescriptions"
"Status_Open","باز","fa","string","EnumDescriptions"
"Subscription_ForumSubscription","اشتراک تالارها مجاز است","fa","string","EnumDescriptions"
"Subscription_None","بدون اشتراک مجاز","fa","string","EnumDescriptions"
"Subscription_TopicSubscription","اشتراک موضوع مجاز است","fa","string","EnumDescriptions"
"SubscriptionLevel_Board","اشتراک کل تالار","fa","string","EnumDescriptions"
"SubscriptionLevel_Category","اشتراک‌های گروه","fa","string","EnumDescriptions"
"SubscriptionLevel_Forum","اشتراک‌های تالار","fa","string","EnumDescriptions"
"SubscriptionLevel_None","بدون اشتراک","fa","string","EnumDescriptions"
"SubscriptionLevel_Topic","اشتراک‌های موضوع","fa","string","EnumDescriptions"
"SearchWordMatch_All","تطابق همه کلمات","fa","string","EnumDescriptions"
"SearchWordMatch_Any","تطابق هر کلمه‌ای","fa","string","EnumDescriptions"
"SearchWordMatch_ExactPhrase","تطابق کامل کلمه","fa","string","EnumDescriptions"
"SearchDays_Any","هر تاریخی","fa","string","EnumDescriptions"
"SearchDays_Since120Days","در 6 ماه گذشته","fa","string","EnumDescriptions"
"SearchDays_Since14Days","از 2 هفته پیش","fa","string","EnumDescriptions"
"SearchDays_Since1Day","از دیروز","fa","string","EnumDescriptions"
"SearchDays_Since2Days","از 2 روز قبل","fa","string","EnumDescriptions"
"SearchDays_Since30Days","در ماه گذشته","fa","string","EnumDescriptions"
"SearchDays_Since5Days","از 5 روز قبل","fa","string","EnumDescriptions"
"SearchDays_Since60Days","در 2 ماه گذشته","fa","string","EnumDescriptions"
"SearchDays_Since7Days","از یک هفته پیش","fa","string","EnumDescriptions"
"SearchDays_SinceYear","در پارسال","fa","string","EnumDescriptions"
"SearchIn","جستجو در","fa","string","EnumDescriptions"
"SearchIn_Message","موضوع و متن","fa","string","EnumDescriptions"
"SearchIn_Subject","فقط موضوع","fa","string","EnumDescriptions"
"RankType_Both","رده و ستاره‌ها","fa","string","EnumDescriptions"
"RankType_None","بدون رده‌بندی","fa","string","EnumDescriptions"
"RankType_RankOnly","فقط رده","fa","string","EnumDescriptions"
"RankType_StarsOnly","فقط ستاره‌ها","fa","string","EnumDescriptions"
"PostStatus_Closed","قفل شده","fa","string","EnumDescriptions"
"PostStatus_OnHold","مطلب در تعلیق","fa","string","EnumDescriptions"
"PostStatus_Open","باز","fa","string","EnumDescriptions"
"PostStatus_UnModerated","مطلب بررسی نشده","fa","string","EnumDescriptions"
"PollAuth_AdminModerators","فقط برای مدیران/دبیران مجاز است","fa","string","EnumDescriptions"
"PollAuth_Disallow","بدون مجوز برای نظرسنجی","fa","string","EnumDescriptions"
"PollAuth_Members","اجازه به همه اعضا","fa","string","EnumDescriptions"
"PostButtonMode_Basic","ابتدایی","fa","string","EnumDescriptions"
"PostButtonMode_Help","راهنما","fa","string","EnumDescriptions"
"PostButtonMode_Prompt","سریع","fa","string","EnumDescriptions"
"UserLevels_Administrator","مدیریت تالار","fa","string","EnumDescriptions"
"UserLevels_Moderator","دبیر تالار","fa","string","EnumDescriptions"
"UserLevels_NormalUser","عضو تالار","fa","string","EnumDescriptions"
"FullTextMatch_Exact","تطابق با عین عبارت (آزمایش نه آزمایشی)","fa","string","EnumDescriptions"
"FullTextMatch_Loose","تطابق با عبارات نادقیق (آزمایش، آزمایشی و غیره)","fa","string","EnumDescriptions"
"Group_All","همه","fa","string","EnumDescriptions"
"Group_AmphibiansReptiles","دوزیستان و خزندگان","fa","string","EnumDescriptions"
"Group_Birds","پرندگان","fa","string","EnumDescriptions"
"Group_Fish","ماهی","fa","string","EnumDescriptions"
"Group_Fungi","قارچ","fa","string","EnumDescriptions"
"Group_Insects","حشرات","fa","string","EnumDescriptions"
"Group_Lichens","چاشنی‌ها","fa","string","EnumDescriptions"
"Group_Mammal","پستانداران","fa","string","EnumDescriptions"
"Group_Other","سایر","fa","string","EnumDescriptions"
"Group_Plants","گیاهان","fa","string","EnumDescriptions"
"Moderation_AllPosts","همه مطالب مدیریت شده","fa","string","EnumDescriptions"
"Moderation_Replies","فقط پاسخ‌های مديريت شده","fa","string","EnumDescriptions"
"Moderation_Topics","فقط مطلب اولیه مدیریت شده است","fa","string","EnumDescriptions"
"Moderation_UnModerated","بدون نظارت","fa","string","EnumDescriptions"
"ModerationLevel_Allowed","اجازه نظارت","fa","string","EnumDescriptions"
"ModerationLevel_NotAllowed","نظارت مجاز نیست","fa","string","EnumDescriptions"
"ForumType_BlogPosts","بلاگ","fa","string","EnumDescriptions"
"ForumType_BugReports","تالار خطاها و اشکالات","fa","string","EnumDescriptions"
"ForumType_Topics","تالار استاندارد","fa","string","EnumDescriptions"
"ForumType_WebLink","پیوند Url","fa","string","EnumDescriptions"
"ForumAuthType_All","همه بازدیدکنندگان","fa","string","EnumDescriptions"
"ForumAuthType_AllowedMemberPassword","اعضای مجاز و دارای گذرواژه","fa","string","EnumDescriptions"
"ForumAuthType_AllowedMembers","اعضای مجاز","fa","string","EnumDescriptions"
"ForumAuthType_AllowedMembersHidden","اعضای مجاز(پنهان)","fa","string","EnumDescriptions"
"ForumAuthType_Members","فقط اعضا","fa","string","EnumDescriptions"
"ForumAuthType_MembersHidden","فقط اعضا (مخفی)","fa","string","EnumDescriptions"
"ForumAuthType_MembersPassword","فقط اعضا و دارای گذرواژه","fa","string","EnumDescriptions"
"ForumAuthType_PasswordProtected","با گذرواژه محافظت شده","fa","string","EnumDescriptions"
"ForumDays_All","نمایش همه موضوعات","fa","string","EnumDescriptions"
"ForumDays_AllOpen","نمایش همه موضوعات باز","fa","string","EnumDescriptions"
"ForumDays_Archived","نمایش همه موضوعات بایگانی شده","fa","string","EnumDescriptions"
"ForumDays_Draft","نمایش پیش‌نویس مطالب","fa","string","EnumDescriptions"
"ForumDays_Last120Days","نمایش موضوعات از 120 روز پیش","fa","string","EnumDescriptions"
"ForumDays_Last14Days","نمایش موضوعات از 2 هفته پیش","fa","string","EnumDescriptions"
"ForumDays_Last2Days","نمایش موضوعات از 2 روز پیش","fa","string","EnumDescriptions"
"ForumDays_Last30Days","نمایش موضوعات از ماه پیش","fa","string","EnumDescriptions"
"ForumDays_Last5Days","نمایش موضوعات از 5 روز پیش","fa","string","EnumDescriptions"
"ForumDays_Last60Days","نمایش موضوعات از 60 روز پیش","fa","string","EnumDescriptions"
"ForumDays_Last7Days","نمایش موضوعات از هفته پیش","fa","string","EnumDescriptions"
"ForumDays_LastDay","نمایش موضوعات روز پیش","fa","string","EnumDescriptions"
"ForumDays_LastYear","نمایش موضوعات از سال پیش","fa","string","EnumDescriptions"
"ForumDays_NoReplies","مطالب بدون پاسخ","fa","string","EnumDescriptions"
"ActiveRefresh_FifteenMinute","بازآوری هر 15 دقیقه","fa","string","EnumDescriptions"
"ActiveRefresh_FiveMinute","بازآوری هر 5 دقیقه","fa","string","EnumDescriptions"
"ActiveRefresh_Minute","بازآوری هر دقیقه","fa","string","EnumDescriptions"
"ActiveRefresh_None","بصورت خودکار بارگزاری نکن","fa","string","EnumDescriptions"
"ActiveRefresh_TenMinute","بازآوری هر 10 دقیقه","fa","string","EnumDescriptions"
"ActiveRefresh_TwoMinute","بازآوری هر 2 دقیقه","fa","string","EnumDescriptions"
"ActiveTopicsSince_All","نمایش همه","fa","string","EnumDescriptions"
"ActiveTopicsSince_Last12Hours","12 ساعت گذشته","fa","string","EnumDescriptions"
"ActiveTopicsSince_Last2Days","2 روز گذشته","fa","string","EnumDescriptions"
"ActiveTopicsSince_Last2Hours","2 ساعت گذشته","fa","string","EnumDescriptions"
"ActiveTopicsSince_Last2Months","2 ماه گذشته","fa","string","EnumDescriptions"
"ActiveTopicsSince_Last2Weeks","2 هفته گذشته","fa","string","EnumDescriptions"
"ActiveTopicsSince_Last6Hours","6 ساعت گذشته","fa","string","EnumDescriptions"
"ActiveTopicsSince_LastDay","دیروز","fa","string","EnumDescriptions"
"ActiveTopicsSince_LastFifteen","15 دقیقه گذشته","fa","string","EnumDescriptions"
"ActiveTopicsSince_LastHour","ساعت گذشته","fa","string","EnumDescriptions"
"ActiveTopicsSince_LastMonth","ماه گذشته","fa","string","EnumDescriptions"
"ActiveTopicsSince_LastThirty","30 دقیقه گذشته","fa","string","EnumDescriptions"
"ActiveTopicsSince_LastVisit","از آخرین بازدید ([[LASTVISIT]])","fa","string","EnumDescriptions"
"ActiveTopicsSince_LastWeek","هفته قبل","fa","string","EnumDescriptions"
"ActiveTopicsSince_Registration","از زمان عضویت","fa","string","EnumDescriptions"
"CategorySubscription_CategorySubscription","اشتراک‌های طبقه‌بندی مجاز است","fa","string","EnumDescriptions"
"CategorySubscription_ForumSubscription","اشتراک‌های تالار مجاز است","fa","string","EnumDescriptions"
"CategorySubscription_None","هیچ اشتراکی مجاز نیست","fa","string","EnumDescriptions"
"CategorySubscription_TopicSubscription","اشتراک‌های موضوع مجاز است","fa","string","EnumDescriptions"
"CaptchaOperator_Minus","تفریق","fa","string","EnumDescriptions"
"CaptchaOperator_Multiply","ضرب","fa","string","EnumDescriptions"
"CaptchaOperator_Plus","جمع","fa","string","EnumDescriptions"
"CalRecur_EveryDay","هر روز","fa","string","EnumDescriptions"
"CalRecur_EveryMonth","هر ماه","fa","string","EnumDescriptions"
"CalRecur_EveryOtherDay","هر ماه دیگر","fa","string","EnumDescriptions"
"CalRecur_EveryOtherWeek","هر هفته دیگر","fa","string","EnumDescriptions"
"CalRecur_EveryWeek","هر هفته","fa","string","EnumDescriptions"
"CalRecur_EveryYear","هر سال","fa","string","EnumDescriptions"
"CalRecur_None","غیرتکراری","fa","string","EnumDescriptions"
"CalRecur_Weekend","پایان هر هفته","fa","string","EnumDescriptions"
"CalAllowed_Admins","فقط مدیران می‌توانند رویدادها را اضافه کنند","fa","string","EnumDescriptions"
"CalAllowed_AdminsModerators","فقط مدیران/دبیران می‌توانند رویدادها را اضافه کنند","fa","string","EnumDescriptions"
"CalAllowed_Members","همه اعضا می‌توانند رویدادها ارسال کنند","fa","string","EnumDescriptions"
"CalAllowed_None","رویدادها غیرفعال شد","fa","string","EnumDescriptions"
"CalDays_Fri","جمعه","fa","string","EnumDescriptions"
"CalDays_Mon","دوشنبه","fa","string","EnumDescriptions"
"CalDays_Sat","شنبه","fa","string","EnumDescriptions"
"CalDays_Sun","یکشنبه","fa","string","EnumDescriptions"
"CalDays_Thur","پنج‌شنبه","fa","string","EnumDescriptions"
"CalDays_Tues","سه‌شنبه","fa","string","EnumDescriptions"
"CalDays_Wed","چهارشنبه","fa","string","EnumDescriptions"
"BannedWords","امکان جستجوی کلمات ممنوع وجود ندارد","fa","string","ErrorMessage"
"CaptchaCheck_Wrong","پاسخ جمع اشتباه است، لطفا دوباره امتحان کنید.","fa","string","ErrorMessage"
"AdminController_AddRole_Role_already_exists","نقش در حال حاضر وجود دارد","fa","string","ErrorMessage"
"AdminController_Username_does_not_exist","نام کاربری وجود ندارد","fa","string","ErrorMessage"
"Account_Disabled","غیرفعال","fa","string","ErrorMessage"
"ForumNotfound","تالاری با این شناسه یافت نشد","fa","string","ErrorMessage"
"ForumCategoryIDMatch","شناسه‌های گروه و تالار تطبیق ندارد","fa","string","ErrorMessage"
"EditTopicPermission","شما اجازه ویرایش این موضوع را ندارید","fa","string","ErrorMessage"
"FloodcheckErr","کنترل سرعت ارسال فعال است.&lt;br/&gt;شما باید برای {0} ثانیه صبر کنید تا بتوانید مطلب بعدی را ارسال کنید.","fa","string","ErrorMessage"
"EmailChange","هنگام تغییر آدرس ایمیل شما خطایی روی داد. لطفا دوباره تلاش کنید.","fa","string","ErrorMessage"
"EditProfilePermission","شما مجوز ویرایش این پروفایل را ندارید","fa","string","ErrorMessage"
"EditReplyNoPermission","شما مجاز به ویرایش این پاسخ نیستید","fa","string","ErrorMessage"
"EmailError","هیچ موضوع یا مطلبی درج نشده است","fa","string","ErrorMessage"
"EmailExists","این ایمیل از قبل وجود داشته و یا نامعتبر است","fa","string","ErrorMessage"
"emailHeader","ارسال خطای ایمیل","fa","string","ErrorMessage"
"EmailNotValid","باید یک آدرس ایمیل معتبر وارد کنید","fa","string","ErrorMessage"
"ErrHeading","خطایی رخ داده است، لطفا با مدیر سایت تماس بگیرید","fa","string","ErrorMessage"
"CompareFail","فیلد {0} و {1} تطبیق نشدند","fa","string","ErrorMessage"
"compCurrentEmail","مقدار {0} با {1} شما مطابقت ندارد.","fa","string","ErrorMessage"
"compNewPassword","'{0}' و '{1}' تطبیق ندارند","fa","string","ErrorMessage"
"compPassword","'{0}' و '{1}' تطبیق ندارند","fa","string","ErrorMessage"
"DuplicateEmail","این آدرس ایمیل قبلا ثبت شده است","fa","string","ErrorMessage"
"DelSelfErr","نمی‌توانید خودتان را حذف کنید","fa","string","ErrorMessage"
"DelAdminErr","امکان حذف مدیران وجود ندارد","fa","string","ErrorMessage"
"DeleteReplyNotLast","فقط امکان حذف آخرین پاسخ وجود دارد. اگر می‌خواهید مطلب حذف شود، باید با یک مدیر یا دبیر سایت تماس بگیرید.","fa","string","ErrorMessage"
"DeleteTopicNotEmpty","امکان حذف موضعات دارای پاسخ وجود ندارد","fa","string","ErrorMessage"
"LockedAccount","حساب کاربری قفل شده است","fa","string","ErrorMessage"
"LockedForumNoPost","نمی‌توانید در یک تالار قفل شده مطلبی ارسال کنید","fa","string","ErrorMessage"
"LockedTopicReply","نمی‌توانید به یک موضوع قفل شده پاسخ دهید.","fa","string","ErrorMessage"
"LoginFailed","نام کاربری یا گذرواژه وارد شده اشتباه است.","fa","string","ErrorMessage"
"GeneratePasswordResetToken_Fail","قادر به تولید نشانه تنظیم مجدد گذرواژه نیست","fa","string","ErrorMessage"
"InvalidID","شناسه مطلب نامعتبر است","fa","string","ErrorMessage"
"InvalidUrl","لطفا یک آدرس معتبر وارد کنید","fa","string","ErrorMessage"
"InvalidUsername","نام کاربری معتبر نیست و یا حاوی نویسه‌های غیرمجاز است.","fa","string","ErrorMessage"
"IncompleteReg","فرایند ثبت نام شما کامل نشد","fa","string","ErrorMessage"
"ThumbnailSave","مشکل ذخیره تصویر کوچک","fa","string","ErrorMessage"
"Username_cannot_be_empty","نام کاربری نمی‌تواند خالی باشد","fa","string","ErrorMessage"
"UserNameExists","این نام کاربری از قبل موجود و یا نامعتبر است","fa","string","ErrorMessage"
"UsernameNotFound","نام کاربری یافت نشد","fa","string","ErrorMessage"
"UserFilterError","این آدرس ایمیل مجاز نیست","fa","string","ErrorMessage"
"Validation_Required","{0} ضروری است","fa","string","ErrorMessage"
"typeEmail","{0} آدرس ایمیل معتبر نیست","fa","string","ErrorMessage"
"UnApprovedAccount","حساب کاربری تأیید نشده است","fa","string","ErrorMessage"
"TopicController_select_at_least_one_reply","شما باید حداقل یک پاسخ را انتخاب کنید","fa","string","ErrorMessage"
"PostingDisabled","امکان ارسال در حال حاضر غیرفعال است","fa","string","ErrorMessage"
"PostMessageForumPermission","شما مجاز به ارسال در این تالار نیستید","fa","string","ErrorMessage"
"PasswordChangeError","این گذرواژه نادرست است و یا کاراکترهای نامعتبر دارد.","fa","string","ErrorMessage"
"NoValues","هیچ مقداری وارد نشده است","fa","string","ErrorMessage"
"ProfileNoView","امکان مشاهده پروفایل {0} وجود ندارد","fa","string","ErrorMessage"
"PropertyRequired","{0} ضروری است","fa","string","ErrorMessage"
"StringLengthMax","{0} باید بین {2} و {1} کاراکتر داشته باشد","fa","string","ErrorMessage"
"strMinLength","{0} باید حداقل {1} حرف داشته باشد","fa","string","ErrorMessage"
"strMaxLength","{0} طول حداکثر {1}","fa","string","ErrorMessage"
"srchHeading","خطای جستجو!","fa","string","ErrorMessage"
"SpamFilterError","با عرض پوزش، آدرس‌های ایمیل با این دامنه مجاز نیستند","fa","string","ErrorMessage"
"SubsDesc","مواردی را برای اشتراک انتخاب کنید، بعد از ارسال هر رویدادی یک ایمیل دریافت خواهید کرد.","fa","string","Events"
"Other","گزینه‌ها","fa","string","Events"
"PluginTitle","رویدادهای باشگاه","fa","string","Events"
"PastEvents","مشاهده رویدادهای گذشته","fa","string","Events"
"TopicEventTitle","جزئیات رویداد","fa","string","Events"
"UpcomingEvents","رویدادهای آینده","fa","string","Events"
"upComingEventTitle","رویدادهای آینده","fa","string","Events"
"ThisDate","فقط این تاریخ","fa","string","Events"
"upPastEventsTitle","رویدادهای قبلی","fa","string","Events"
"lblAllDay","رویداد یک روز کامل","fa","string","Events"
"lblDeleteEvent","حذف رویداد","fa","string","Events"
"lblEventCategory","گروه","fa","string","Events"
"lblEventClub","باشگاه","fa","string","Events"
"lblEventDetails","جزئیات","fa","string","Events"
"lblEventLocation","مکان","fa","string","Events"
"lblEventTitle","عنوان","fa","string","Events"
"lblEndDate","تاریخ پایان","fa","string","Events"
"FutureDates","تمام تاریخ‌های آینده","fa","string","Events"
"lblStartDate","تاریخ آغاز","fa","string","Events"
"lblShowInCalendar","نمایش رویدادها در تقویم","fa","string","Events"
"lblRecurs","تکرار","fa","string","Events"
"msgDeleteEvent","آیا اطمینان دارید که قصد حذف این رویداد را دارید؟","fa","string","Events"
"MySubs","اشتراک‌های من","fa","string","Events"
"calAllowed","چه کسی می‌تواند رویداد ارسال کند","fa","string","Events"
"EventCategories","طبقه‌بندی‌ها","fa","string","Events"
"EventFilter","فیلتر با","fa","string","Events"
"EventSubs","اشتراک در رویدادها","fa","string","Events"
"AddEvent","افزودن رویداد","fa","string","Events"
"AllCategories","همه طبقه‌بندی‌ها","fa","string","Events"
"AllClubs","همه باشگاه‌ها / جوامع","fa","string","Events"
"AllDates","همه تاریخ‌ها","fa","string","Events"
"AllDayEvent","همه‌ی روز","fa","string","Events"
"AllLocations","همه مکان‌ها","fa","string","Events"
"calShowBDays","نمایش تاریخ تولد","fa","string","Events"
"calTitle","تقویم","fa","string","Events"
"calUpcomingWidget","نمایش تاریخ‌های آینده در نوار جانبی","fa","string","Events"
"calDelAll","همه تاریخ‌ها","fa","string","Events"
"calDeleteOptions","حذف گزینه‌ها","fa","string","Events"
"calDelFuture","همه تاریخ‌های آینده","fa","string","Events"
"calDelThis","فقط این تاریخ","fa","string","Events"
"calFirstDayofWeek","اولین روز هفته","fa","string","Events"
"calHolidaysFor","نمایش تعطیلات برای ..","fa","string","Events"
"calIsPublic","قابل مشاهده برای غیر اعضاء","fa","string","Events"
"calMaxRecords","حداکثر رویدادهای تکراری","fa","string","Events"
"calPublicData","داده‌های تعطیلات عمومی توسط","fa","string","Events"
"calPublicHolidays","نمایش تعطیلات عمومی برای","fa","string","Events"
"fileAttr","صفت","fa","string","FileManager"
"fileCopyErr","رونوشت/حذف خطا","fa","string","FileManager"
"fileCopyMsg","پوسه مقصد تعریف نشده است. نام یک پوشه را وارد کنید.","fa","string","FileManager"
"fileCreated","ایجاد","fa","string","FileManager"
"fileDelete","حذف","fa","string","FileManager"
"fileModified","اصلاح","fa","string","FileManager"
"fileName","نام","fa","string","FileManager"
"fileRename","تغییر نام","fa","string","FileManager"
"fileSelectErr","خطای انتخاب","fa","string","FileManager"
"fileSelectMsg","هیچ موردی انتخاب نشده است. برای انتخاب در سمت راست ردیف‌ها علامت بزنید.","fa","string","FileManager"
"fileSize","حجم","fa","string","FileManager"
"fileZip","فشرده","fa","string","FileManager"
"ConfirmTarget","to the '[folder]' folder","fa","string","FileManager"
"Confirm","نیازمند تایید","fa","string","FileManager"
"ConfirmMsg","آیا اطمینان دارید که قصد [sAction]  کردن موارد [nMarked] علامت خورده را دارید","fa","string","FileManager"
"NewFilename","نام جدیدی وارد کنید برای","fa","string","FileManager"
"NoFolderErr","ایجاد خطا در پوشه","fa","string","FileManager"
"NoFolderMsg","نام پوشه‌ای ارائه نشد، نام پوشه جدید را در جعبه متن وارد کنید.","fa","string","FileManager"
"UploadErr","خطا در بارگزاری","fa","string","FileManager"
"upFolder","برو به پوشه‌ی بالایی","fa","string","FileManager"
"UploadNoFileMsg","فایلی برایبارگزاری ارائه نشد، یک فایل برای بارگزاری انتخاب کنید","fa","string","FileManager"
"openDBManager","بازکردن مدیریت دیتابیس","fa","string","FileManager"
"Rename","تغییر نام","fa","string","FileManager"
"RememberMe","مرا به خاطر بسپار","fa","string","General"
"ReceiveEmail","دریافت ایمیل","fa","string","General"
"Refresh","بازآوری","fa","string","General"
"RegEmailResent","ایمیل عضویت مجددا ارسال شده. ایمیل ارسالی را مطالعه و طبق دستورالعمل، ثبت‌نام خود را تکمیل کنید.","fa","string","General"
"Register","ثبت نام کنید","fa","string","General"
"ProfileOccupation","شغل","fa","string","General"
"ProfilePMNotify","دریافت اعلان ایمیل","fa","string","General"
"ProfilePMReceive","دریافت پیام خصوصی","fa","string","General"
"ProfilePMSentItems","ذخیره موارد ارسال شده","fa","string","General"
"ProfilePosts","مطالب","fa","string","General"
"ProfileQuote","نقل‌قول مورد علاقه","fa","string","General"
"ProfileShowSig","مشاهده امضا اعضا","fa","string","General"
"ProfileSignature","امضا","fa","string","General"
"ProfileState","شهرستان","fa","string","General"
"ProfileStatus","قفل شده","fa","string","General"
"ProfileTitle","عنوان تالار","fa","string","General"
"ProfileUseSig","نمایش امضا با مطالب ارسالی","fa","string","General"
"ProfileYahoo","یاهو مسنجر","fa","string","General"
"Optional","انتخابی","fa","string","General"
"pageGeneration","صفحه در {0} ثانیه ساخته شد","fa","string","General"
"pdfLabel","<span> اگر شما نمیتوانید فایل را مشاهده کنید، می‌توانید از <a href ='{0}'> اینجا </a> دانلود کنید یا دانلود <a target = '_ blank' href = 'http: //get.adobe. com / reader / '> Adobe PDF Reader </a> برای مشاهده فایل. </ span>","fa","string","General"
"PasswordChangeSuccess","تغییر گذرواژه با موفقیت انجام شد","fa","string","General"
"PasswordInvalidToken","تصدیق علامت رمز انجام نشد","fa","string","General"
"PasswordReset","تنظیم مجدد گذرواژه","fa","string","General"
"PasswordResetMsg","یک ایمیل به آدرس ایمیل ثبت شده شما که حاوی آدرسی برای تغییر گذرواژه است ارسال شد. <br /> لطفا دستورالعمل‌های ایمیل را برای تنظیم مجدد گذرواژه خود دنبال کنید. <br /> این آدرس فقط تا 48 ساعت معتبر است.","fa","string","General"
"PasswordTokenExpired","شناسه بازیافت رمز یافت نشد، شاید منقضی شده باشد","fa","string","General"
"PasswordTokenSuccess","اعتبارسنجی شناسه رمز با موفقیت انجام شد","fa","string","General"
"Password","گذرواژه","fa","string","General"
"PasswordChangeAdminNotify","خطا در همگام‌سازی گذرواژه‌ها، لطفا با مدیر تماس بگیرید","fa","string","General"
"ProfileAge","سن","fa","string","General"
"ProfileAllowEmail","پست‌های کوتاه را ایمیل نکن","fa","string","General"
"ProfileAllowSubs","اجازه اشتراک","fa","string","General"
"ProfileAOL","مسنجر فوری AOL","fa","string","General"
"ProfileAvatar","نماد","fa","string","General"
"ProfileBio","شرح حال","fa","string","General"
"ProfileBirthdate","تاریخ تولد","fa","string","General"
"ProfileChangeEmailTitle","فرم تغییر ایمیل","fa","string","General"
"ProfileChangePasswordTitle","فرم تغییر گذرواژه","fa","string","General"
"ProfileCity","شهر","fa","string","General"
"ProfileCountry","کشور","fa","string","General"
"ProfileDate","تاریخ عضویت","fa","string","General"
"ProfileDefaultView","نمایش پیش‌فرض تالار","fa","string","General"
"ProfileFirstname","نام کوچک","fa","string","General"
"ProfileGender","جنسیت","fa","string","General"
"ProfileHobby","علاقه‌مندی‌ها","fa","string","General"
"ProfileHomePage","صفحه من","fa","string","General"
"ProfileICQ","ICQ","fa","string","General"
"ProfileIP","آدرس IP","fa","string","General"
"ProfileLastIP","آخرین IP","fa","string","General"
"ProfileLastname","نام خانوادگی","fa","string","General"
"ProfileLastPost","آخرین مطلب","fa","string","General"
"ProfileLastVisit","آخرین مشاهده شده","fa","string","General"
"ProfileLevel","سطح عضو","fa","string","General"
"ProfileMarStatus","وضعیت تأهل","fa","string","General"
"ProfileMSN","اسکایپ","fa","string","General"
"ProfileNews","آخرین خبر","fa","string","General"
"ResendRegEmail","ارسال مجدد ایمیل عضویت","fa","string","General"
"SendEmailSelf","شما دارید به خودتان ایمیل می‌فرستید","fa","string","General"
"SendMemberEmail","ارسال ایمیل به {0}","fa","string","General"
"SignIn","ورود","fa","string","General"
"SignInForgotPassword","گذرواژه‌تان را فراموش کردید؟","fa","string","General"
"SignInNoAccount","حساب کاربری ندارید؟ می‌توانید","fa","string","General"
"SignInPanel","تالارهای Snitz Mvc یک محیط گفتگوی تعاملی است که اجازه می‌دهد افراد مختلف در اینترنت یا اینترانت مطالب خود را برای یکدیگر ارسال و سپس پاسخ دیگران را مشاهده نمایند.","fa","string","General"
"SignOut","خروج","fa","string","General"
"sendtoMessage","احتمالا این مطلب مورد توجه شما باشد {0}:

موضوع: [url='{1}Topic/Posts/{2}?pagenum=-1&archived={3}']{4}[/url]","fa","string","General"
"sendtoSubject","مطلبی از طرف {0}","fa","string","General"
"TopicSubscriptionRemove","اشتراک شما برای موضوع {0} با موفقیت حذف شد.","fa","string","General"
"UserName","نام کاربری","fa","string","General"
"NewPassword","گذرواژه جدید","fa","string","General"
"NewUsername","نام کاربری جدید","fa","string","General"
"Next","بعدی","fa","string","General"
"NoActiveTopics","بدون مطلب","fa","string","General"
"Never","هرگز","fa","string","General"
"NewEmail","ایمیل جدید","fa","string","General"
"msgQuote","نوشته شده توسط","fa","string","General"
"Message","متن","fa","string","General"
"MessageRequired","شما باید یک متن وارد کنید","fa","string","General"
"LoginFailVal","مشکلی برای ورود به سیستم وجود دارد در.","fa","string","General"
"Member","عضو","fa","string","General"
"GenderList_Female","زن","fa","string","General"
"GenderList_Male","مرد","fa","string","General"
"GenderList_Other","سایر","fa","string","General"
"IsApproved","تایید شده است","fa","string","General"
"IsConfirmedRequired","فیلد تایید شده مورد نیاز است.","fa","string","General"
"fulltextSearch","جستجو تمام‌متن در اینجا فعال است، برای استفاده از آن، دکمه‌های رادیویی دوم یا سوم را انتخاب کنید.","fa","string","General"
"ForumSubscriptionRemove","اشتراک شما برای تالار {0} با موفقیت حذف شد","fa","string","General"
"lblDraftPost","پیش‌نویس مطلب","fa","string","General"
"ConfirmNewPassword","تأیید گذرواژه جدید","fa","string","General"
"ConfirmPassword","تأیید گذرواژه","fa","string","General"
"CurrentEmail","ایمیل فعلی","fa","string","General"
"CurrentPassword","گذرواژه فعلی","fa","string","General"
"faqAdd","افزودن پرسش و پاسخ","fa","string","General"
"faqAnswer","پاسخ","fa","string","General"
"faqQuestion","سئوال جدید","fa","string","General"
"EmailModel_From","از","fa","string","General"
"EmailModel_Name","نام","fa","string","General"
"EmailModel_ToNameRequired","باید نام/نام‌کاربری گیرنده را وارد نمایید","fa","string","General"
"EmailModelToEmailRequired","باید آدرس ایمیل گیرنده را وارد نمایید","fa","string","General"
"Edit","ویرایش","fa","string","General"
"EditProfile","ویرایش پروفایل","fa","string","General"
"Email","ایمیل","fa","string","General"
"BelowEmailThreshold","تعداد مطالب ارسالی شما کافی نیست و اجازه ارسال ایمیل به دیگران ندارید","fa","string","General"
"CaptchaDesc","قبل از آغاز، باید مطمئن شویم که شما ربات نیستید. لطفا پاسخی را در تصویر زیر بنویسید و روی دکمه «نه یک ربات» کلیک کنید.","fa","string","General"
"CaptchaLabel","پاسخ جمع را در زیر بنویسید","fa","string","General"
"CaptchaLegend","تأیید","fa","string","General"
"CategorySubscriptionRemove","اشتراک طبقه‌بندی {0} با موفقیت حذف شد","fa","string","General"
"AccountDisabled","حساب شما غیر فعال شده است. برای اطلاعات بیشتر با مدیر سایت تماس بگیرید.","fa","string","General"
"AccountInactive","حساب فعال نیست","fa","string","General"
"Admin_ShuttingDown","سایت در {0} دقیقه خاموش می‌شود","fa","string","General"
"AnonymousUser","مرور ناشناس","fa","string","General"
"allowedFiles","نوع فایل‌های مجاز {0}","fa","string","labels"
"Admin","مدیریت","fa","string","labels"
"btnBrowse","...","fa","string","labels"
"btnCancel","لغو","fa","string","labels"
"btnChange","تغییر","fa","string","labels"
"btnChangeEmail","تغییر ایمیل","fa","string","labels"
"btnChangePassword","تغییر گذرواژه","fa","string","labels"
"btnChangeUsername","تغییر نام کاربری","fa","string","labels"
"btnColour","رنگ","fa","string","labels"
"btnColour_Beige","بژ","fa","string","labels"
"btnColour_Black","مشکی","fa","string","labels"
"btnColour_Blue","آبی","fa","string","labels"
"btnColour_Brown","قهوه‌ای","fa","string","labels"
"btnColour_Green","سبز","fa","string","labels"
"btnColour_LimeGreen","فسفری","fa","string","labels"
"btnColour_Maroon","خرمایی","fa","string","labels"
"btnColour_Navy","آبی دریایی","fa","string","labels"
"btnColour_Orange","نارنجی","fa","string","labels"
"btnColour_Pink","صورتی","fa","string","labels"
"btnColour_Purple","بنفش","fa","string","labels"
"btnColour_Red","قرمز","fa","string","labels"
"btnColour_Teal","یشمی","fa","string","labels"
"btnColour_Yellow","زرد","fa","string","labels"
"btnExport","صدور داده","fa","string","labels"
"btnFile","فایل","fa","string","labels"
"btnFind","یافتن","fa","string","labels"
"btnFont","قلم","fa","string","labels"
"btnFont_Arial","Arial","fa","string","labels"
"btnFont_ArialBlack","Arial Black","fa","string","labels"
"btnFont_BookAntiqua","Book Antiqua","fa","string","labels"
"btnFont_CenturyGothic","Century Gothic","fa","string","labels"
"btnFont_Comic","Comic Sans MS","fa","string","labels"
"btnFont_Courier","Courier New","fa","string","labels"
"btnFont_Georgia","Georgia","fa","string","labels"
"btnFont_Impact","Impact","fa","string","labels"
"btnFont_Lucida","Lucida","fa","string","labels"
"btnFont_LucidaCon","Lucida Console","fa","string","labels"
"btnFont_Tahoma","Tahoma","fa","string","labels"
"btnFont_Times","Times New Roman","fa","string","labels"
"btnFont_Trebuchet","Trebuchet MS","fa","string","labels"
"btnFont_Verdana","Verdana","fa","string","labels"
"btnFormat","سبک","fa","string","labels"
"btnGo","برو","fa","string","labels"
"btnList_Alphabetic","فهرست الفبایی","fa","string","labels"
"btnList_Item","فهرست گلوله‌دار","fa","string","labels"
"btnList_Numeric","فهرست عددی","fa","string","labels"
"btnList_Unordered","فهرست نامرتب","fa","string","labels"
"btnNewTopic","موضوع جدید","fa","string","labels"
"btnOk","قبول","fa","string","labels"
"btnPost","ارسال","fa","string","labels"
"btnAgree","موافق","fa","string","labels"
"btnAlign","جهت","fa","string","labels"
"Are_you_sure","آیا مطمئن هستی؟","fa","string","labels"
"btnPrintTopic","چاپ موضوع","fa","string","labels"
"btnRemoveAvatar","حذف نماد","fa","string","labels"
"btnReply","پاسخ","fa","string","labels"
"btnReset","دوباره","fa","string","labels"
"btnSave","ذخیره","fa","string","labels"
"btnSend","ارسال","fa","string","labels"
"btnSendTopic","ارسال موضوع","fa","string","labels"
"btnSize","اندازه","fa","string","labels"
"btnSize_1","x-small","fa","string","labels"
"btnSize_2","small","fa","string","labels"
"btnSize_3","medium","fa","string","labels"
"btnSize_4","large","fa","string","labels"
"btnSize_5","x-large","fa","string","labels"
"btnSize_6","xx-large","fa","string","labels"
"btnSubscribe","اشتراک","fa","string","labels"
"btnSubscript","پایین‌نویس","fa","string","labels"
"btnSuperscript","بالانویس","fa","string","labels"
"btnTable","جدول","fa","string","labels"
"btnTableCell","سلول","fa","string","labels"
"btnTableRow","ردیف","fa","string","labels"
"EmailConfirm","یک ایمیل تایید به آدرس ایمیل جدید ارسال شده است، لطفا دستورالعمل‌های ایمیل را برای تکمیل تغییر دنبال کنید.","fa","string","labels"
"ForumLocked","تالار قفل شده","fa","string","labels"
"Cookie","کوکی‌ها","fa","string","labels"
"btnUnsubscribe","رفع اشتراک","fa","string","labels"
"btnUpload","بارگزاری","fa","string","labels"
"ButtonFormatMode","عملکرد دکمه‌ها","fa","string","labels"
"DateFilter","فیلتر تاریخ","fa","string","labels"
"dlgEmailAdminTitle","ایمیل به مدیر","fa","string","labels"
"dlgEmailMemberTitle","ایمیل به کاربر","fa","string","labels"
"dlgIPTitle","آدرس IP","fa","string","labels"
"dlgPasswordErr","گذرواژه غلط","fa","string","labels"
"dlgPasswordForum","تالار با گذرواژه محافظت شده","fa","string","labels"
"dlgPasswordMsg","شما باید یک گذرواژه داشته باشید:","fa","string","labels"
"dlgPasswordReq","گذرواژه نیاز دارید!","fa","string","labels"
"dlgPasswordTitle","تالار با گذرواژه محافظت شده","fa","string","labels"
"dlgPMTitle","ارسال پیام خصوصی","fa","string","labels"
"dlgSendTopic","ارسال موضوع","fa","string","labels"
"dlgSuccessTitle","عملیات موفقیت آمیز","fa","string","labels"
"cbxDraft","ذخیره به عنوان پیش‌نویس","fa","string","labels"
"cbxLockTopic","پس از ثبت، موضوع قفل شود","fa","string","labels"
"cbxMakeSticky","سنجاق کردن موضوع","fa","string","labels"
"cbxNoArchive","موضوع بایگانی نشود","fa","string","labels"
"cbxShowSig","برای الصاق امضای پروفایل علامت بزنید","fa","string","labels"
"cbxSubscribeTopic","برای اشتراک این موضوع علامت بزنید","fa","string","labels"
"ChangeEmail","تغییر ایمیل","fa","string","labels"
"ChangePassword","تغییر گذرواژه","fa","string","labels"
"ChangeUsername","تغییر نام کاربری","fa","string","labels"
"cnfArchiveForum","بایگانی تمام مطالب این تالار؟","fa","string","labels"
"cnfDeleteCategory","حذف دسته‌بندی؟","fa","string","labels"
"cnfDeleteForum","حذف تالار؟","fa","string","labels"
"cnfDeleteTopic","حذف موضوع؟","fa","string","labels"
"cnfDeleteWeblink","حذف پیوند وب","fa","string","labels"
"cnfLockCategory","قفل طبقه‌بندی","fa","string","labels"
"cnfLockForum","قفل کردن تالار","fa","string","labels"
"cnfLockTopic","قفل کردن موضوع","fa","string","labels"
"cnfSubscribeCategory","دریافت یادآور هنگام ایجاد یک مطلب جدید در این رده","fa","string","labels"
"cnfSubscribeForum","دریافت یادآور هنگام مطلب جدید در این تالار","fa","string","labels"
"cnfSubscribeTopic","اشتراک در موضوع؟","fa","string","labels"
"cnfUnlockCategory","بازکردن دسته‌بندی","fa","string","labels"
"cnfUnlockForum","باز کردن تالار","fa","string","labels"
"cnfUnlockTopic","باز کردن قفل موضوع","fa","string","labels"
"cnfUnsubscribeCategory","اشتراک در این گروه را حذف کنید","fa","string","labels"
"cnfUnsubscribeForum","اشتراک در این تالار را حذف کنید","fa","string","labels"
"cnfUnsubscribeTopic","حذف اشتراک موضوع؟","fa","string","labels"
"lblEditedBy","آخرین ویرایش توسط","fa","string","labels"
"lblDelFAQ","حذف این مورد","fa","string","labels"
"lblAnnounce","آگهی","fa","string","labels"
"lblController","کنترل کننده","fa","string","labels"
"lblCSVOnly","فقط فایل‌های csv. مجاز هستند.","fa","string","labels"
"lblDay","روز","fa","string","labels"
"lblDeleted","حذف شد","fa","string","labels"
"lbl404","صفحه مورد نظر شما یافت نشد.","fa","string","labels"
"lblAction","فعالیت","fa","string","labels"
"lblCategories","طبقه‌بندی‌ها","fa","string","labels"
"lblClose","بستن","fa","string","labels"
"lblArchivedCount","مطالب بایگانی شده","fa","string","labels"
"lblAuthor","نویسنده","fa","string","labels"
"lblError","خطا","fa","string","labels"
"lblin","در","fa","string","labels"
"lblLastPost","آخرین مطلب","fa","string","labels"
"lblLockedTopic","موضوعات قفل شده","fa","string","labels"
"lblMembers","اعضاء","fa","string","labels"
"lblMonth","ماه","fa","string","labels"
"lblNewPosts","دارای آخرین پست از آخرین بازدید شما","fa","string","labels"
"lblNo","خیر","fa","string","labels"
"lblNoNewPosts","مطالب جدید از آخرین بازدید","fa","string","labels"
"lblNotProvided","درج نشده است","fa","string","labels"
"lblOldPosts","بدون مطلب جدید","fa","string","labels"
"lblException","استثنا","fa","string","labels"
"lblFileUpload","بارگزاری فایل","fa","string","labels"
"lblFileUpload_Types","فقط تصویر، پی‌دی‌اف یا فایل‌های فشرده مجاز هستند","fa","string","labels"
"lblFor","برای","fa","string","labels"
"lblForum","تالار","fa","string","labels"
"lblGuests","مهمان‌ها","fa","string","labels"
"lblHello","سلام،","fa","string","labels"
"lblHighestOnlineUsers","برترین کاربران فعال {0} در {1}","fa","string","labels"
"lblHotTopic","موضوع داغ (بیش از {0} پاسخ)","fa","string","labels"
"lnkActiveTopics","نمایش همه موضوعات فعال ...","fa","string","labels"
"lnkReturn","بازگشت","fa","string","labels"
"lblTopic","موضوع","fa","string","labels"
"lblTopicReview","مرور موضوع","fa","string","labels"
"lblTopics","موضوع","fa","string","labels"
"lblTotal","مجموع","fa","string","labels"
"lblTotalPages","از {0} صفحه","fa","string","labels"
"lblUnknown","ناشناخته","fa","string","labels"
"lblSubject","موضوع","fa","string","labels"
"lblView","نمایش","fa","string","labels"
"lblYear","سال","fa","string","labels"
"lblYes","بله","fa","string","labels"
"lblRepliedOn","پاسخ در:","fa","string","labels"
"lblReplies","پاسخ‌ها","fa","string","labels"
"lblReply","پاسخ","fa","string","labels"
"lblReplyAuthor","پاسخ به نویسنده:","fa","string","labels"
"lblSaved","ذخیره شده است","fa","string","labels"
"lblProfileRecentPosts","آخرین مطالب {0}","fa","string","labels"
"lblProfileSuccess","پروفایل با موفقیت بروزرسانی شد","fa","string","labels"
"lblQuickReply","پاسخ سریع","fa","string","labels"
"lblRecent","اخیر","fa","string","labels"
"lblRecentActivity","آخرین مطالب","fa","string","labels"
"lblRecentTopics","آخرین مباحث در","fa","string","labels"
"lblOnlineUsers","کاربران فعال","fa","string","labels"
"lblProfileAllPosts","همه مطالب بایگانی نشده توسط {0}","fa","string","labels"
"lblPosted","نوشته شده در","fa","string","labels"
"lblPostedBy","توسط","fa","string","labels"
"lblPosts","مطلب","fa","string","labels"
"lblPowered","قدرت گرفته از :","fa","string","labels"
"lblPrinted","تاریخ چاپ","fa","string","labels"
"lblPrintedFrom","چاپ فرم در","fa","string","labels"
"lblPrivacyContent","<p> اگر با شرایط و ضوابط ذکر شده در زیر موافقید، دکمه «موافق» را فشار دهید. در غیر این صورت، «لغو» را بفشارید. <!-- p-->
        </p><p> برای استفاده از این سایت، کاربران باید یک نام کاربری، گذرواژه و آدرس ایمیل ارائه دهند. مدیران سایت و دبیران همکار، مسئولیت حفظ حریم خصوصی هر کاربر را بر عهده دارند. به یاد داشته باشید که تمام اطلاعاتی که در این محل درج می‌شوند باید اطلاعات عمومی باشد و برای به اشتراک گذاشتن هر یک از اطلاعات شخصی باید احتیاط کنید. هر کاربری که با مطالب مخالف قوانین کاربر دیگری مواجه شد لطفا با ایمیل با ما تماس بگیرید. ما از سوی شما مجاز به حذف یا اصلاح هر گونه اطلاعات ارسال شده توسط شما هستیم، به هر دلیلی که احساس کنیم خطمشی ما نقض شده است، خواه با اطلاع و یا بدون اطلاع شما. <!-- p-->
        </p><p> این سایت ممکن است حاوی پیوندهایی به سایر وب سایت‌ها و فایل‌ها باشد که ما هیچ نظارتی بر محتوای آنها نداریم و نمی‌توانیم اطمینان حاصل کنیم که نامناسب نباشد. با این وجود، ما پیوندهایی را که ببینیم نامناسب است، حذف می‌کنیم. <!-- p-->
        </p><p> کوکی‌ها باید در مرورگر شما فعال باشند تا شما به عنوان یک کاربر در این سایت فعالیت کنید. کوکی‌ها در اینجا برای نام کاربری و گزینه‌های مشاهده شما استفاده می‌شود و به شما این امکان را می‌دهد که وارد سایت شوید. <!-- p-->
        </p><p> با فشار دادن دکمه «موافق»، شما اظهار می‌کنید که حداقل 13 سال سن دارید. شما مسئولیت کامل هر گونه اطلاعات یا فایل‌های ارائه شده توسط این ثبت‌نام را بر عهده دارید. شما همچنین موافقت می‌کنید که هیچ مطلبی که دارای حقوق انحصاری که متعلق به شما یا صاحبان این سایت نیست را ارسال نمی‌کنید. همچنین شما موافقت می‌کنید که محتوای آزار دهنده، نژادپرستانه، نفرت‌پراکنی، تهدید و خشونت، حمله به حریم خصوصی دیگران، جنس‌گرا یا ناقض قوانین ارسال نمی‌کنید. <!-- p-->
        </p><p> اگر با قوانین و سیاست‌های مندرج در این موافقتنامه موافقید و مطابق با معیارهای ذکر شده در اینجا عمل خواهید کرد، دکمه «موافق» را در زیر فشار دهید، در غیر این صورت دکمه «لغو» را فشار دهید. <!-- p--></p>","fa","string","labels"
"lblPrivacyQuestions","اگر در مورد این اعلامیه حفظ حریم خصوصی یا استفاده از این سایت سؤالی دارید، می‌توانید با مدیر انجمن تماس بگیرید:","fa","string","labels"
"lblPrivacyTitle","بیانیه حریم خصوصی","fa","string","labels"
"xSeconds","{0} ثانیه","fa","string","labels"
"Subscriptions","اشتراک‌ها","fa","string","labels"
"StickyTopics","موضوعات سنجاق شده","fa","string","labels"
"plhEnterPassword","لطفا گذرواژه خود را وارد کنید","fa","string","labels"
"plhFindMember","یافتن عضو","fa","string","labels"
"Personal","شخصی","fa","string","labels"
"OlderThanOneYear","بیش از یکسال پیش","fa","string","labels"
"OlderThanXYears","بیش از {0} سال پیش","fa","string","labels"
"Options","گزینه‌ها","fa","string","labels"
"PublicProfile","(پروفایل عمومی) حریم خصوصی را تغییر دهید","fa","string","labels"
"maxFileSize","حداکثر اندازه فایل {0}مگابایت","fa","string","labels"
"PrivateProfile","(پروفایل خصوصی) حریم خصوصی را تغییر دهید","fa","string","labels"
"Profile","پروفایل","fa","string","labels"
"Required","مقادیر ضروری","fa","string","labels"
"sbDownloads","نسخه‌های منتشر شده","fa","string","labels"
"sbSearchForum","جستجو در این تالار","fa","string","labels"
"sbSearchPage","جستجوی این صفحه","fa","string","labels"
"sbSearchTopic","جستجوی موضوع","fa","string","labels"
"Search","جستجو","fa","string","labels"
"Search_All","همه","fa","string","labels"
"Search_Archive","جستجوی موضوعات بایگانی شده","fa","string","labels"
"Search_Date","با تاریخ","fa","string","labels"
"Search_Forum","در تالار","fa","string","labels"
"Search_In","جستجو در","fa","string","labels"
"Search_Member","با اعضا","fa","string","labels"
"Search_Members","جستجوی اعضا","fa","string","labels"
"Search_NoResults","هیچ ارسالی یافت نشد","fa","string","labels"
"Search_Term","جستجو برای","fa","string","labels"
"Search_Title","جستجوی ارسال‌ها","fa","string","labels"
"mnuAbout","درباره","fa","string","Menu"
"mnuAboutLicense","لیسانس","fa","string","Menu"
"mnuAccount","شخصی","fa","string","Menu"
"mnuAccountFiles","مدیریت فایل‌ها","fa","string","Menu"
"mnuAccountPM","پیام‌های شخصی","fa","string","Menu"
"mnuAccountProfile","پروفایل","fa","string","Menu"
"mnuActivePolls","نظرسنجی‌های فعال","fa","string","Menu"
"mnuAdmin","مدیریت","fa","string","Menu"
"mnuAdminArchive","بایگانی کردن","fa","string","Menu"
"mnuAdminAvatar","نمادها","fa","string","Menu"
"mnuAdminBbcodeFilter","کدهای اختصاصی تالار","fa","string","Menu"
"mnuAdminDate","تاریخ/زمان","fa","string","Menu"
"mnuAdminDbManager","مرورگر پایگاه داده‌ها","fa","string","Menu"
"mnuAdminDbs","اسکریپت‌های Dbs","fa","string","Menu"
"mnuAdminEmail","تنظیمات ایمیل","fa","string","Menu"
"mnuAdminExplorer","مرورگر فایل","fa","string","Menu"
"mnuAdminFeature","امکانات","fa","string","Menu"
"mnuAdminForum","تنظیمات سایت","fa","string","Menu"
"mnuAdminLangResources","منابع زبان","fa","string","Menu"
"mnuAdminMainConfig","تنظیمات اصلی","fa","string","Menu"
"mnuAdminManageAds","تبلیغات","fa","string","Menu"
"mnuAdminMember","پیکیربندی پروفایل","fa","string","Menu"
"mnuAdminMembership","عضویت","fa","string","Menu"
"mnuAdminModerators","دبیران","fa","string","Menu"
"mnuAdminMODS","پلاگین‌ها","fa","string","Menu"
"mnuAdminNameFilter","فیلتر نام‌های کاربری","fa","string","Menu"
"mnuAdminOnline","فعالیت آنلاین","fa","string","Menu"
"mnuAdminOther","سایر ...","fa","string","Menu"
"mnuAdminOtherMods","سایر پلاگین‌ها","fa","string","Menu"
"mnuAdminPending","کاربران در انتظار","fa","string","Menu"
"mnuAdminPhotoAlbum","آلبوم تصویر","fa","string","Menu"
"mnuAdminPolls","مدیریت نظرسنجی‌ها","fa","string","Menu"
"mnuAdminRanking","رتبه‌بندی","fa","string","Menu"
"mnuAdminReset","Reset App Pool","fa","string","Menu"
"mnuAdminRoles","مدیریت نقش‌ها","fa","string","Menu"
"mnuAdminShutdown","خاموش کردن","fa","string","Menu"
"mnuAdminSubs","اشتراک‌ها","fa","string","Menu"
"mnuAdminTools","ابزارها","fa","string","Menu"
"mnuAdminWordFilter","فیلتر کلمات نامناسب","fa","string","Menu"
"mnuAlbums","آلبوم‌ها","fa","string","Menu"
"mnuBookmarks","نشانک‌ها","fa","string","Menu"
"mnuCalendar","تقویم","fa","string","Menu"
"mnuChangeEmail","تغییر ایمیل","fa","string","Menu"
"mnuChangePassword","تغییر گذرواژه","fa","string","Menu"
"mnuChangeUsername","تغییر نام کاربری","fa","string","Menu"
"mnuDonate","حمایت کنید","fa","string","Menu"
"mnuEvents","رویدادها","fa","string","Menu"
"mnuForum","تالار","fa","string","Menu"
"mnuForumActive","موضوعات فعال","fa","string","Menu"
"mnuForumAll","همه تالارها","fa","string","Menu"
"mnuForumFAQ","راهنما","fa","string","Menu"
"mnuForumHome","همه تالارها","fa","string","Menu"
"mnuForumMembers","اعضا","fa","string","Menu"
"mnuForumSearch","جستجو","fa","string","Menu"
"mnuHome","خانه","fa","string","Menu"
"mnuManageGroups","پیکربندی گروه‌های تالارها","fa","string","Menu"
"mnuMyAlbum","آلبوم من","fa","string","Menu"
"mnuNewMail","پیام شخصی جدید","fa","string","Menu"
"defaultMessage","این سایت در دست تعمیرات است. بعدا تشریف بیاورید.","fa","string","Offline"
"delImgMsg","آیا مطمئنید که میخواهید فایل‌های زیر را حذف کنید؟","fa","string","PhotoAlbum"
"dzNotLoaded","Dropzone بارگیری نشد","fa","string","PhotoAlbum"
"errTooLarge","فایل خیلی بزرگ است","fa","string","PhotoAlbum"
"errTooLong","نام فایل بیش از حداکثر 255 کاراکتر است","fa","string","PhotoAlbum"
"errType","نوع فایل مجاز نیست","fa","string","PhotoAlbum"
"addComment","افزودن نظر","fa","string","PhotoAlbum"
"mnuSpeciesList","فهرست گونه‌ها","fa","string","PhotoAlbum"
"mnuMemberAlbums","آلبوم‌های اعضا","fa","string","PhotoAlbum"
"mnuGallery","گالری","fa","string","PhotoAlbum"
"mnuCommonAlbum","گونه‌ها","fa","string","PhotoAlbum"
"lblPrivate","علامت‌گذاری به عنوان خصوصی","fa","string","PhotoAlbum"
"lblProfileLink","آلبوم من","fa","string","PhotoAlbum"
"lblMemberCopy","شاید این تصاویر مشمول حق نسخه‌برداری برای کاربر باشد، بنابراین هرگونه استفاده بدون اجازه مالک آن مجاز نیست. صاحب: {0}","fa","string","PhotoAlbum"
"lblOwner","صاحب","fa","string","PhotoAlbum"
"lblScientificName","نام علمی","fa","string","PhotoAlbum"
"lblSearchFor","برای ","fa","string","PhotoAlbum"
"lblSearchin","جستجو در ","fa","string","PhotoAlbum"
"lblSearchView","نمایش","fa","string","PhotoAlbum"
"lblViews","بازدید","fa","string","PhotoAlbum"
"lblSubmit","ارسال نظر","fa","string","PhotoAlbum"
"lblUpload","بارگزاری تصویر","fa","string","PhotoAlbum"
"lblUserFilter","فیلتر نام کاربری","fa","string","PhotoAlbum"
"lblShowOnlySpecies","فقط تصاویر دارای اطلاعات گونه را نمایش بده","fa","string","PhotoAlbum"
"lblShowThumbnails","نمایش انگشتی‌ها","fa","string","PhotoAlbum"
"lblSize","اندازه","fa","string","PhotoAlbum"
"lblSpeciesCopy","شاید تصاویر موجود مشمول حق نسخه‌برداری برای کاربر باشد، بنابراین هرگونه استفاده بدون اجازه مالک آن مجاز نیست. ضمنا نامگذاری گونه‌ها ممکن است اشتباه باشد.","fa","string","PhotoAlbum"
"lblImage","تصویر","fa","string","PhotoAlbum"
"lblImages","تصاویر","fa","string","PhotoAlbum"
"lblImgComments","نظرات تصویر","fa","string","PhotoAlbum"
"lblForumcode","برچسب BBcode","fa","string","PhotoAlbum"
"lblGroup","گروه","fa","string","PhotoAlbum"
"lblFeaturedImage","تصویر برجسته","fa","string","PhotoAlbum"
"lblFileName","نام فایل","fa","string","PhotoAlbum"
"lblNoComments","بدون نظر","fa","string","PhotoAlbum"
"lblNoImg","تصویری یافت نشد","fa","string","PhotoAlbum"
"lblLocalName","نام محل","fa","string","PhotoAlbum"
"lblLastPhoto","آخرین عکس","fa","string","PhotoAlbum"
"lblCloseWin","بستن پنجره","fa","string","PhotoAlbum"
"lblComment","نظر","fa","string","PhotoAlbum"
"lblAlbum","آلبوم تصویر","fa","string","PhotoAlbum"
"lblDate","تاریخ","fa","string","PhotoAlbum"
"lblDescription","توضیحات","fa","string","PhotoAlbum"
"lblDimensions","ابعاد","fa","string","PhotoAlbum"
"lblDoNotFeature","برای تصویر برجسته استفاده نکنید","fa","string","PhotoAlbum"
"h5Index","تنها کاربران دارای تصویر فهرست شده‌اند","fa","string","PhotoAlbum"
"imgEditInf","اطلاعات فایل را ویرایش کنید","fa","string","PhotoAlbum"
"imgFeature","تغییر ویژگی‌های تصویر","fa","string","PhotoAlbum"
"imgPrivate","تغییر حریم خصوصی","fa","string","PhotoAlbum"
"optSortCommon","مرتب‌سازی با نام محلی","fa","string","PhotoAlbum"
"optSortDate","مرتب‌سازی با تاریخ","fa","string","PhotoAlbum"
"optSortDesc","مرتب‌سازی با توضیحات","fa","string","PhotoAlbum"
"optSortFile","مرتب‌سازی با نام فایل","fa","string","PhotoAlbum"
"optSortId","مرتب‌سازی با شناسه","fa","string","PhotoAlbum"
"optSortScientific","مرتب‌سازی با نام علمی","fa","string","PhotoAlbum"
"optSortUser","مرتب‌سازی با کاربر","fa","string","PhotoAlbum"
"viewComment","نمایش/افزودن نظر","fa","string","PhotoAlbum"
"titleIndex","آلبوم‌های عکس","fa","string","PhotoAlbum"
"tipDetails","جزئیات","fa","string","PhotoAlbum"
"tipUpload","یک تصویر را به آلبوم خود آپلود کنید و تصویر کوچک را در پست نمایش دهید","fa","string","PhotoAlbum"
"tipViewMemberAlbum","آلبوم تصاویر ایشان را ببینید","fa","string","PhotoAlbum"
"tipSlide","نمایش اسلاید","fa","string","PhotoAlbum"
"tipThumbs","انگشتی‌ها","fa","string","PhotoAlbum"
"tipDelImage","حذف تصویر","fa","string","PhotoAlbum"
"tipDelImages","حذف تصاویر منتخب","fa","string","PhotoAlbum"
"tipCheckSortAsc","حذف علامت برای مرتب‌سازی صعودی","fa","string","PhotoAlbum"
"tipCheckSortDesc","برای مرتب‌سازی نزولی علامت بزنید","fa","string","PhotoAlbum"
"tipList","فهرست","fa","string","PhotoAlbum"
"tipEditImage","حذف جزئیات تصویر","fa","string","PhotoAlbum"
"ResultTitle","نتیجه امتیازات کاربر","fa","string","Poll"
"tipAddPoll","افزودن نظرسنجی","fa","string","Poll"
"ViewComments","نمایش نظرات","fa","string","Poll"
"VoteCount","({0} رأی)","fa","string","Poll"
"VotesCast","رای دادن","fa","string","Poll"
"pollAllowAll","همه","fa","string","Poll"
"pollAllowed","چه کسی بتواند رای دهد","fa","string","Poll"
"pollAllowMember","فقط اعضا","fa","string","Poll"
"pollAnswers","پاسخ‌ها","fa","string","Poll"
"pollOrder","ترتیب","fa","string","Poll"
"pollQuestion","پرسش","fa","string","Poll"
"LastVote","آخرین امتیاز","fa","string","Poll"
"lblDisabled","نظرسنجی‌ها در این تالار غیر فعال شده‌اند","fa","string","Poll"
"lblAnswer","پاسخ","fa","string","Poll"
"lblContainsPoll","نظرسنجی داخلی","fa","string","Poll"
"lblNoActive","بدون نظرسنجی فعال","fa","string","Poll"
"lbPageTitle","نظرسنجی‌های سایت","fa","string","Poll"
"MakeFeaturedPoll","تبدیل به یک نظرسنجی ویژه","fa","string","Poll"
"MarkYourVote","رأی شما","fa","string","Poll"
"LoginToVote","please {0} to vote","fa","string","Poll"
"lblPageTitle","نظرسنجی‌های سایت","fa","string","Poll"
"lblPolls","نظرسنجی‌ها","fa","string","Poll"
"FeaturedPoll","نظرسنجی منتخب","fa","string","Poll"
"editTitle","نظرسنجی","fa","string","Poll"
"CommentCount","({0} نظر)","fa","string","Poll"
"DIsabled","پیام خصوصی فعال نیست","fa","string","PrivateMessage"
"DeleteMessage","حذف پیام‌ها","fa","string","PrivateMessage"
"AllMembers","همه اعضاء","fa","string","PrivateMessage"
"btnUnblock","رفع مسدودی","fa","string","PrivateMessage"
"BlockedUser","با عرض پوزش، شما نمی‌توانید پیام خصوصی به او ارسال کنید","fa","string","PrivateMessage"
"btnBlock","مسدود","fa","string","PrivateMessage"
"lblPMSentBy","ارسال توسط: {0} در {1}","fa","string","PrivateMessage"
"lblSelf","شما در حال ارسال پیام به خودتان هستید","fa","string","PrivateMessage"
"lblRecipients","گیرنده","fa","string","PrivateMessage"
"MailboxFull","صندوق پیام‌های شما تکمیل است، برای اینکه بتوانید پیام‌های جدید را دریافت کنید، باید برخی از پیام‌های خود را از ","fa","string","PrivateMessage"
"MailboxReminder","هنگام حذف پیام‌ها از موارد «ارسال شده» یا «دریافتی» دقت کنید.","fa","string","PrivateMessage"
"MailboxSize","شما {0} پیام دارید و محدودیت صندوق شما {1} پیام است.","fa","string","PrivateMessage"
"MentionedInPostSubject","شما در پست ذکر شده بودید.","fa","string","PrivateMessage"
"MentionedMessage","{0} شما را در یک پست یاد کرده است [br][url]{1}Topic/Posts/{2}?pagenum=-1#{3}[/url]","fa","string","PrivateMessage"
"NewMessage","پیام جدید","fa","string","PrivateMessage"
"NoPrivateMessages","تمایل به دریافت پیام خصوصی ندارد","fa","string","PrivateMessage"
"NoSaveSent","نمی‌توان پیام‌های ارسال شده را ذخیره کرد","fa","string","PrivateMessage"
"NotifyPM","هر زمانی که یک پیام خصوصی دریافت می‌کنید، یک اعلان ایمیل دریافت کنید","fa","string","PrivateMessage"
"lblMax","حداکثر","fa","string","PrivateMessage"
"lblBlocklist","لیست سیاه","fa","string","PrivateMessage"
"lblBlocklistUpdate","حذف/اضافه اعضا از فهرست","fa","string","PrivateMessage"
"Inbox","پیام‌های دریافتی","fa","string","PrivateMessage"
"From","از","fa","string","PrivateMessage"
"PMRe","پاسخ:","fa","string","PrivateMessage"
"PMSelf","پیام به خودتان ارسال شد.","fa","string","PrivateMessage"
"OriginalMessage","----- پیام اصلی -----","fa","string","PrivateMessage"
"OutBox","پیام‌های ارسالی","fa","string","PrivateMessage"
"PMDelConfirm","آیا اطمینان دارید که قصد حذف پیامها را دارید؟","fa","string","PrivateMessage"
"PMForward","ارجاع:","fa","string","PrivateMessage"
"PMNoSelect","هیچ پیامی انتخاب نشده است","fa","string","PrivateMessage"
"ReceivePM","دریافت پیام‌های شخصی","fa","string","PrivateMessage"
"RecipientBoxFull","صندوق پستی گیرنده پر شده است، پیام تحویل داده نمی‌شود","fa","string","PrivateMessage"
"RecipientSeparator","نام‌ها را با سمیکالون(;) جدا کنید.","fa","string","PrivateMessage"
"PrivateMessaging","پیام‌های شخصی","fa","string","PrivateMessage"
"Received","تاریخ دریافت","fa","string","PrivateMessage"
"SaveSentPM","ذخیره یک رونوشت در پیام‌های ارسالی","fa","string","PrivateMessage"
"Subject","موضوع","fa","string","PrivateMessage"
"Sent","تاریخ ارسال","fa","string","PrivateMessage"
"Settings","تنظیمات","fa","string","PrivateMessage"
"SendMessage","ارسال پیام خصوصی","fa","string","PrivateMessage"
"SendPM","ارسال پیام خصوصی به {0}","fa","string","PrivateMessage"
"SendPMSuccess","پیام با موفقیت ارسال شد","fa","string","PrivateMessage"
"SearchEmpty","پیامی یافت نشد","fa","string","PrivateMessage"
"tipAttachFile","پیوست فایل","fa","string","PrivateMessage"
"tipDraft","پیام پیشنویس","fa","string","PrivateMessage"
"tipPMForward","ارجاع پیام","fa","string","PrivateMessage"
"tipPMReply","پاسخ به فرستنده","fa","string","PrivateMessage"
"tipRead","خوانده شده","fa","string","PrivateMessage"
"tipUnread","خوانده نشده","fa","string","PrivateMessage"
"To","به","fa","string","PrivateMessage"
"TooMany","گیرندگان بیش از حد زیاد هستند، تعداد مجاز:","fa","string","PrivateMessage"
"registerTitle","ثبت نام در سایت","fa","string","Registration"
"personalInfo","اطلاعات شخصی","fa","string","Registration"
"captchaMessage","قبل از اینکه برای شما حساب کاربری ایجاد کنیم، باید مطمئن شویم که شما ربات نیستید. لطفا پاسخ سوال تصویری زیر را در کادر پایین بنویسید و روی دکمه «بعدی» کلیک کنید.","fa","string","Registration"
"captchaTitle","تأیید","fa","string","Registration"
"approveMessage","با تشکر از شما برای ثبت نام در این سایت. تایید ثبت نام به صورت دستی توسط مدیران انجام می‌شود.<br />پس از تأیید ثبت نام، یک ایمیل دریافت خواهید کرد.","fa","string","Registration"
"approveTitle","دستورالعمل ثبت نام","fa","string","Registration"
"createAccount","ایجاد حساب کاربری","fa","string","Registration"
"completedMessage","شما روند ثبت نام را تکمیل کرده‌اید. اکنون می‌توانید با کلیک روی پیوند ورود به سایت وارد شوید.","fa","string","Registration"
"completedTitle","ثبت نام کامل شد","fa","string","Registration"
"errMessage","خطایی در تأیید ایمیل شما وجود داشت. لطفا دوباره تلاش کنید.","fa","string","Registration"
"errTitle","خطای ثبت نام","fa","string","Registration"
"emailvalMessage","برای تکمیل فرایند ثبت نام، یک ایمیل در ایمل‌های خود پیدا کنید که دستورالعمل‌های بیشتری را ارائه می‌دهد.","fa","string","Registration"
"emailvalTitle","دستورالعمل ثبت نام","fa","string","Registration"
"resCulture","فرهنگ","fa","string","ResEditor"
"resEdit","ویرایش منبع","fa","string","ResEditor"
"resExisting","بروزرسانی رکوردهای موجود","fa","string","ResEditor"
"resExport","صدور منابع","fa","string","ResEditor"
"resExportAll","مجموعه تمام منابع","fa","string","ResEditor"
"resImport","ورود منابع","fa","string","ResEditor"
"resText","متن","fa","string","ResEditor"
"staTopics","در حال حاضر {0} موضوع و {1} موضوع فعال از آخرین بازدید شما داریم.","fa","string","Stats"
"staArchive","در حال حاضر {0} مطلب بایگانی شده در {1} موضوع بایگانی شده داریم.","fa","string","Stats"
"staLastVisit","بازدید قبلی شما {0}","fa","string","Stats"
"staLatestPost","{0} توسط","fa","string","Stats"
"staMembers","{0} از مجموع {1} عضو {2} مطلب در {3} تالار داشته‌اند.","fa","string","Stats"
"staNewMember","لطفا به جدیدترین دوستمان خوش‌آمد بگویید {0}","fa","string","Stats"
"lang_en","انگلیسی","fa","string","SupportedCultures"
"lang_fa","فارسی","fa","string","SupportedCultures"
"lang_no","نروژی","fa","string","SupportedCultures"
"lang_ro","رومانیایی","fa","string","SupportedCultures"
"aTest1","آزمایش کردن","fa","string","Testing"
"test1","فهرست گونه‌ها","fa","string","Testing"
"test2","گالری","fa","string","Testing"
"test3","آلبوم تصویر","fa","string","Testing"
"test4","آلبوم تصاویر","fa","string","Testing"
"test5","تنها کاربران با تصاویر را نمایش می‌دهد","fa","string","Testing"
"Thank","تشکر کن!","fa","string","Thanks"
"Thanked","تشکر شده توسط ...","fa","string","Thanks"
"thanks","تشکر","fa","string","Thanks"
"UnThank","حذف تشکر","fa","string","Thanks"
"AdminLabel","پلاگین تشکر","fa","string","Thanks"
"ForumSetting","مجاز به تشکر از مطالب","fa","string","Thanks"
"ForumSettingTitle","مجاز به تشکر از مطالب","fa","string","Thanks"
"given","تشکرهای شما","fa","string","Thanks"
"lblReceived","دریافت","fa","string","Thanks"
"Warning","هشدار","fa","string","Title"
"TagPrompt","تگ آماده","fa","string","Title"
"SearchResults","نتایج جستجو","fa","string","Title"
"SearchTopicPosts","جستجو در موضوع","fa","string","Title"
"SearchForumPosts","جستجوی مطالب تالار","fa","string","Title"
"SearchAllPosts","جستجوی همه مطالب","fa","string","Title"
"pmPrint","چاپ پیام","fa","string","Title"
"pageHelp","راهنمای تالار","fa","string","Title"
"pageMembers","اعضای تالار :","fa","string","Title"
"pagePrint","چاپ موضوع","fa","string","Title"
"tipUnStick","حذف سنجاق","fa","string","Tooltip"
"tipDisabled","حساب غیرفعال","fa","string","Tooltip"
"tipPrintPM","چاپ مطلب","fa","string","Tooltip"
"tipPrintTopic","چاپ موضوع","fa","string","Tooltip"
"tipQuote","برچسب‌های نقل قول","fa","string","Tooltip"
"tipQuoteReply","پاسخ با نقل‌قول","fa","string","Tooltip"
"tipQuoteTopic","نقل‌قول موضوع","fa","string","Tooltip"
"tipViewProfile","نمایش پروفایل نویسنده","fa","string","Tooltip"
"tipYoutube","ویدئوی یوتیوب","fa","string","Tooltip"
"tipYoutubeVid","ویدئوی یوتیوب","fa","string","Tooltip"
"tipZapped","عضو Zapped","fa","string","Tooltip"
"tipUploadAvatar","بارگزاری نماد","fa","string","Tooltip"
"tipViewArchive","مشاهده مطالب بایگانی شده","fa","string","Tooltip"
"tipViewForum","مشاهده تالار","fa","string","Tooltip"
"tipRemoveBookmark","حذف نشانک","fa","string","Tooltip"
"tipRemoveForumSub","حذف اشتراک تالار","fa","string","Tooltip"
"tipReplies","تعداد پاسخ‌ها","fa","string","Tooltip"
"tipResendValidation","ارسال مجدد ایمیل اعتبارسنجی","fa","string","Tooltip"
"tipRTL","تگ راست به چپ","fa","string","Tooltip"
"tipRule","خط افقی","fa","string","Tooltip"
"tipSendTopic","ارسال موضوع به دوستان","fa","string","Tooltip"
"tipPostCount","تعداد مطلب","fa","string","Tooltip"
"tipPreview","پیش‌نمایش مطلب","fa","string","Tooltip"
"tipPreviousPage","صفحه قبل","fa","string","Tooltip"
"tipPrevTopic","موضوع قبل","fa","string","Tooltip"
"tipEditCategory","ویرایش طبقه‌بندی","fa","string","Tooltip"
"tipEditFAQ","ویرایش این مورد","fa","string","Tooltip"
"tipEditForum","ویرایش تالار","fa","string","Tooltip"
"tipTopicArchived","موضوع بایگانی شده","fa","string","Tooltip"
"tipTopicDel","حذف موضوع","fa","string","Tooltip"
"tipTopicHot","داغ کردن موضوع","fa","string","Tooltip"
"tipTopicLocked","موضوع قفل شده است","fa","string","Tooltip"
"tipTopicOnHold","موضوع معلق","fa","string","Tooltip"
"tipTopicReply","پاسخ به موضوع","fa","string","Tooltip"
"tipTopicSticky","موضوع سنجاق شده","fa","string","Tooltip"
"tipTopicUnmoderated","موضوع نیاز به نظارت دارد","fa","string","Tooltip"
"tipTopicUnmoderatedReplies","پاسخ‌های منتظر تأیید","fa","string","Tooltip"
"tipUnderline","زیرخط‌دار","fa","string","Tooltip"
"tipUnGroupResults","گروه‌بندی را حذف و با تاریخ مرتب کنید","fa","string","Tooltip"
"tipSplitTopic","تقسیم موضوع","fa","string","Tooltip"
"tipStrike","خط‌خورده","fa","string","Tooltip"
"tipTable","تگ جدول (Table)","fa","string","Tooltip"
"tipTblCell","سلول جدول (td)","fa","string","Tooltip"
"tipTblGrid","کلیک برای انتخاب اندازه جدول","fa","string","Tooltip"
"tipTblRow","ردیف جدول (tr)","fa","string","Tooltip"
"tipTextchangesize","تغییر اندازه متن","fa","string","Tooltip"
"tipTextcolour","تغییر رنگ متن","fa","string","Tooltip"
"tipTextformat","تگ قالب‌بندی متن","fa","string","Tooltip"
"tipAlignLeft","چپ چین","fa","string","Tooltip"
"tipAlignMiddle","وسط چین","fa","string","Tooltip"
"tipAlignRight","راست چین","fa","string","Tooltip"
"tipAlignSelect","گزینه‌های تراز جهت و آرایش متن","fa","string","Tooltip"
"tipApproveReply","تأیید پاسخ","fa","string","Tooltip"
"tipApproveTopic","تأیید موضوع","fa","string","Tooltip"
"tipAttach","یک فایل به مطلب خود اضافه کنید","fa","string","Tooltip"
"tipAuthorAIM","تماس با نویسنده با AIM","fa","string","Tooltip"
"tipAuthorEmail","ارسال یک ایمیل به نویسنده","fa","string","Tooltip"
"tipAuthorHomePage","صفحه خانه نویسنده، برای بازدید کلیک کنید","fa","string","Tooltip"
"tipAuthorICQ","تماس با نویسنده با ICQ","fa","string","Tooltip"
"tipAuthorIP","نمایش آدرس IP نویسنده","fa","string","Tooltip"
"tipAuthorLock","قفل عضو","fa","string","Tooltip"
"tipAuthorMSN","تماس با نویسنده با اسکایپ","fa","string","Tooltip"
"tipAuthorPM","ارسال یک پیام خصوصی به نویسنده","fa","string","Tooltip"
"tipAuthorUnlock","بازکردن قفل عضو","fa","string","Tooltip"
"tipAuthorYahoo","تماس با نویسنده با یاهو","fa","string","Tooltip"
"tipBold","پررنگ","fa","string","Tooltip"
"tipBookmarkPost","نشانک‌گذاری این پست","fa","string","Tooltip"
"tipCategorySubscribe","اشتراک در رده","fa","string","Tooltip"
"tipChangetextsize","تغییر اندازه متن","fa","string","Tooltip"
"tipChangeTheme","تغییر رنگ‌بندی","fa","string","Tooltip"
"tipCheckAll","انتخاب یا عدم انتخاب همه","fa","string","Tooltip"
"tipDelReply","حذف پاسخ","fa","string","Tooltip"
"tipCode","تگ کدنویسی","fa","string","Tooltip"
"tipDeleteSelected","حذف موارد انتخاب شده","fa","string","Tooltip"
"tipLTR","تگ چپ به راست","fa","string","Tooltip"
"tipMakeSticky","سنجاق کردن","fa","string","Tooltip"
"tipMergeTopic","ادغام موضوع با دیگری","fa","string","Tooltip"
"tipNewCategory","رده‌بندی جدید","fa","string","Tooltip"
"tipNewForum","تالار جدید","fa","string","Tooltip"
"tipNewTopic","ایجاد یک موضوع جدید","fa","string","Tooltip"
"tipNextPage","صفحه بعد","fa","string","Tooltip"
"tipNextTopic","موضوع بعد","fa","string","Tooltip"
"tipOffline","الان غایبه","fa","string","Tooltip"
"tipOnHold","نگه دارید","fa","string","Tooltip"
"tipOnline","الان حاضره","fa","string","Tooltip"
"tipPageTop","برو بالای صفحه","fa","string","Tooltip"
"tipEditReply","ویرایش پاسخ","fa","string","Tooltip"
"tipEditTopic","ویرایش موضوع","fa","string","Tooltip"
"tipEditWeblink","ویرایش پیوند","fa","string","Tooltip"
"tipEmail","ایمیل","fa","string","Tooltip"
"tipFirstPage","اولین صفحه","fa","string","Tooltip"
"tipFontSelect","انتخاب قلم","fa","string","Tooltip"
"tipFontSize","اندازه قلم","fa","string","Tooltip"
"tipForumRss","فید RSS","fa","string","Tooltip"
"tipForumSubscribe","اشتراک تالار","fa","string","Tooltip"
"tipForumViewArchived","نمایش مطالب بایگانی شده","fa","string","Tooltip"
"tipForumViewPosts","نمایش مطالب تالار","fa","string","Tooltip"
"tipGotoPage","برو به صفحه {0}","fa","string","Tooltip"
"tipGroupResults","گروهی‌بندی نتایج با تالار","fa","string","Tooltip"
"tipImage","تگ تصویر","fa","string","Tooltip"
"tipItalic","کج","fa","string","Tooltip"
"tipLastActive","آخرین فعالیت","fa","string","Tooltip"
"tipLastPage","صفحه آخر","fa","string","Tooltip"
"tipLastPost","پرش به آخرین مطلب","fa","string","Tooltip"
"tipLink","فراپیوند","fa","string","Tooltip"
"UsernameRequired","نام کاربری ضروری است","fa","string","Validation"
